year,month,age,dead
1999,01,1,30
1999,01,5,54
1999,01,10,38
1999,01,15,66
1999,01,20,75
1999,01,25,114
1999,01,30,203
1999,01,35,499
1999,01,40,949
1999,01,45,1604
1999,01,50,2390
1999,01,55,3277
1999,01,60,4451
1999,01,65,5829
1999,01,70,7578
1999,01,75,7786
1999,01,80,6404
1999,01,85,4235
1999,01,90,1959
1999,01,95,499
1999,01,100,58
1999,02,1,40
1999,02,5,46
1999,02,10,41
1999,02,15,57
1999,02,20,73
1999,02,25,95
1999,02,30,219
1999,02,35,458
1999,02,40,834
1999,02,45,1420
1999,02,50,2190
1999,02,55,3002
1999,02,60,3996
1999,02,65,5392
1999,02,70,6889
1999,02,75,7131
1999,02,80,5951
1999,02,85,3777
1999,02,90,1661
1999,02,95,454
1999,02,100,82
1999,03,1,38
1999,03,5,40
1999,03,10,52
1999,03,15,70
1999,03,20,89
1999,03,25,140
1999,03,30,229
1999,03,35,464
1999,03,40,968
1999,03,45,1595
1999,03,50,2434
1999,03,55,3281
1999,03,60,4382
1999,03,65,5778
1999,03,70,7386
1999,03,75,7878
1999,03,80,6285
1999,03,85,4325
1999,03,90,1798
1999,03,95,513
1999,03,100,73
1999,04,1,26
1999,04,5,38
1999,04,10,43
1999,04,15,45
1999,04,20,64
1999,04,25,115
1999,04,30,212
1999,04,35,455
1999,04,40,922
1999,04,45,1551
1999,04,50,2224
1999,04,55,3116
1999,04,60,4033
1999,04,65,5323
1999,04,70,6856
1999,04,75,7199
1999,04,80,5872
1999,04,85,3856
1999,04,90,1640
1999,04,95,422
1999,04,100,63
1999,05,1,38
1999,05,5,44
1999,05,10,44
1999,05,15,49
1999,05,20,84
1999,05,25,115
1999,05,30,195
1999,05,35,503
1999,05,40,953
1999,05,45,1544
1999,05,50,2379
1999,05,55,3308
1999,05,60,4250
1999,05,65,5484
1999,05,70,7381
1999,05,75,7471
1999,05,80,5947
1999,05,85,3852
1999,05,90,1641
1999,05,95,435
1999,05,100,49
1999,06,1,31
1999,06,5,43
1999,06,10,38
1999,06,15,69
1999,06,20,66
1999,06,25,120
1999,06,30,213
1999,06,35,510
1999,06,40,838
1999,06,45,1446
1999,06,50,2258
1999,06,55,3156
1999,06,60,4080
1999,06,65,5418
1999,06,70,6751
1999,06,75,7233
1999,06,80,5687
1999,06,85,3756
1999,06,90,1590
1999,06,95,424
1999,06,100,69
1999,07,1,34
1999,07,5,37
1999,07,10,35
1999,07,15,63
1999,07,20,94
1999,07,25,119
1999,07,30,196
1999,07,35,501
1999,07,40,878
1999,07,45,1514
1999,07,50,2450
1999,07,55,3227
1999,07,60,4241
1999,07,65,5511
1999,07,70,7118
1999,07,75,7450
1999,07,80,6139
1999,07,85,3943
1999,07,90,1678
1999,07,95,452
1999,07,100,77
1999,08,1,32
1999,08,5,40
1999,08,10,39
1999,08,15,60
1999,08,20,88
1999,08,25,119
1999,08,30,221
1999,08,35,465
1999,08,40,966
1999,08,45,1516
1999,08,50,2294
1999,08,55,3263
1999,08,60,4244
1999,08,65,5583
1999,08,70,6929
1999,08,75,7559
1999,08,80,6069
1999,08,85,3921
1999,08,90,1704
1999,08,95,409
1999,08,100,52
1999,09,1,40
1999,09,5,48
1999,09,10,46
1999,09,15,71
1999,09,20,77
1999,09,25,112
1999,09,30,207
1999,09,35,469
1999,09,40,904
1999,09,45,1585
1999,09,50,2386
1999,09,55,3115
1999,09,60,3975
1999,09,65,5461
1999,09,70,6925
1999,09,75,7375
1999,09,80,5969
1999,09,85,3879
1999,09,90,1641
1999,09,95,439
1999,09,100,54
1999,10,1,45
1999,10,5,36
1999,10,10,43
1999,10,15,68
1999,10,20,82
1999,10,25,120
1999,10,30,244
1999,10,35,486
1999,10,40,949
1999,10,45,1571
1999,10,50,2450
1999,10,55,3317
1999,10,60,4338
1999,10,65,5713
1999,10,70,7330
1999,10,75,7650
1999,10,80,6190
1999,10,85,4226
1999,10,90,1776
1999,10,95,504
1999,10,100,55
1999,11,1,34
1999,11,5,44
1999,11,10,39
1999,11,15,71
1999,11,20,81
1999,11,25,114
1999,11,30,204
1999,11,35,461
1999,11,40,867
1999,11,45,1524
1999,11,50,2328
1999,11,55,3156
1999,11,60,4114
1999,11,65,5446
1999,11,70,7059
1999,11,75,7333
1999,11,80,5991
1999,11,85,4004
1999,11,90,1726
1999,11,95,419
1999,11,100,64
1999,12,1,30
1999,12,5,39
1999,12,10,45
1999,12,15,56
1999,12,20,106
1999,12,25,146
1999,12,30,233
1999,12,35,493
1999,12,40,940
1999,12,45,1542
1999,12,50,2486
1999,12,55,3419
1999,12,60,4326
1999,12,65,5876
1999,12,70,7322
1999,12,75,7809
1999,12,80,6392
1999,12,85,4267
1999,12,90,1888
1999,12,95,522
1999,12,100,83
2000,01,1,10
2000,01,1,44
2000,01,5,43
2000,01,10,43
2000,01,15,65
2000,01,20,83
2000,01,25,138
2000,01,30,208
2000,01,35,489
2000,01,40,1009
2000,01,45,1571
2000,01,50,2479
2000,01,55,3413
2000,01,60,4317
2000,01,65,5797
2000,01,70,7440
2000,01,75,8019
2000,01,80,6659
2000,01,85,4475
2000,01,90,1973
2000,01,95,545
2000,01,100,78
2000,02,1,12
2000,02,1,30
2000,02,5,47
2000,02,10,40
2000,02,15,46
2000,02,20,64
2000,02,25,98
2000,02,30,199
2000,02,35,435
2000,02,40,871
2000,02,45,1441
2000,02,50,2300
2000,02,55,3027
2000,02,60,3813
2000,02,65,5275
2000,02,70,6749
2000,02,75,7295
2000,02,80,5770
2000,02,85,3935
2000,02,90,1672
2000,02,95,451
2000,02,100,72
2000,03,1,32
2000,03,5,45
2000,03,10,44
2000,03,15,58
2000,03,20,66
2000,03,25,134
2000,03,30,222
2000,03,35,479
2000,03,40,911
2000,03,45,1550
2000,03,50,2389
2000,03,55,3265
2000,03,60,4118
2000,03,65,5499
2000,03,70,7186
2000,03,75,7656
2000,03,80,6143
2000,03,85,4004
2000,03,90,1740
2000,03,95,489
2000,03,100,45
2000,04,1,14
2000,04,1,30
2000,04,5,34
2000,04,10,37
2000,04,15,57
2000,04,20,74
2000,04,25,94
2000,04,30,184
2000,04,35,473
2000,04,40,899
2000,04,45,1543
2000,04,50,2275
2000,04,55,3109
2000,04,60,4047
2000,04,65,5393
2000,04,70,6881
2000,04,75,7356
2000,04,80,5959
2000,04,85,3929
2000,04,90,1664
2000,04,95,433
2000,04,100,54
2000,05,1,46
2000,05,5,38
2000,05,10,39
2000,05,15,46
2000,05,20,86
2000,05,25,116
2000,05,30,222
2000,05,35,462
2000,05,40,917
2000,05,45,1595
2000,05,50,2385
2000,05,55,3262
2000,05,60,4297
2000,05,65,5540
2000,05,70,7032
2000,05,75,7360
2000,05,80,6132
2000,05,85,4142
2000,05,90,1788
2000,05,95,435
2000,05,100,64
2000,06,1,29
2000,06,5,36
2000,06,10,42
2000,06,15,69
2000,06,20,83
2000,06,25,105
2000,06,30,205
2000,06,35,457
2000,06,40,883
2000,06,45,1555
2000,06,50,2394
2000,06,55,3189
2000,06,60,4036
2000,06,65,5420
2000,06,70,6722
2000,06,75,7282
2000,06,80,5911
2000,06,85,3837
2000,06,90,1696
2000,06,95,418
2000,06,100,60
2000,07,1,10
2000,07,1,42
2000,07,5,38
2000,07,10,43
2000,07,15,77
2000,07,20,91
2000,07,25,126
2000,07,30,223
2000,07,35,479
2000,07,40,869
2000,07,45,1633
2000,07,50,2471
2000,07,55,3260
2000,07,60,4274
2000,07,65,5422
2000,07,70,6983
2000,07,75,7540
2000,07,80,6091
2000,07,85,3989
2000,07,90,1778
2000,07,95,428
2000,07,100,63
2000,08,1,33
2000,08,5,44
2000,08,10,50
2000,08,15,66
2000,08,20,80
2000,08,25,109
2000,08,30,228
2000,08,35,449
2000,08,40,917
2000,08,45,1610
2000,08,50,2472
2000,08,55,3269
2000,08,60,4255
2000,08,65,5566
2000,08,70,7091
2000,08,75,7646
2000,08,80,6352
2000,08,85,4144
2000,08,90,1790
2000,08,95,483
2000,08,100,54
2000,09,1,32
2000,09,5,40
2000,09,10,55
2000,09,15,58
2000,09,20,96
2000,09,25,113
2000,09,30,207
2000,09,35,440
2000,09,40,897
2000,09,45,1550
2000,09,50,2452
2000,09,55,3155
2000,09,60,4084
2000,09,65,5523
2000,09,70,6881
2000,09,75,7505
2000,09,80,6250
2000,09,85,4122
2000,09,90,1831
2000,09,95,480
2000,09,100,76
2000,10,1,31
2000,10,5,39
2000,10,10,39
2000,10,15,82
2000,10,20,80
2000,10,25,111
2000,10,30,234
2000,10,35,469
2000,10,40,941
2000,10,45,1695
2000,10,50,2545
2000,10,55,3348
2000,10,60,4369
2000,10,65,5562
2000,10,70,7201
2000,10,75,7863
2000,10,80,6389
2000,10,85,4241
2000,10,90,1909
2000,10,95,526
2000,10,100,60
2000,11,1,35
2000,11,5,45
2000,11,10,49
2000,11,15,73
2000,11,20,81
2000,11,25,105
2000,11,30,216
2000,11,35,447
2000,11,40,913
2000,11,45,1501
2000,11,50,2453
2000,11,55,3264
2000,11,60,4115
2000,11,65,5465
2000,11,70,7039
2000,11,75,7490
2000,11,80,6290
2000,11,85,4018
2000,11,90,1777
2000,11,95,484
2000,11,100,58
2000,12,1,36
2000,12,5,40
2000,12,10,44
2000,12,15,48
2000,12,20,84
2000,12,25,110
2000,12,30,209
2000,12,35,486
2000,12,40,928
2000,12,45,1559
2000,12,50,2616
2000,12,55,3369
2000,12,60,4350
2000,12,65,5381
2000,12,70,7083
2000,12,75,7643
2000,12,80,6498
2000,12,85,4319
2000,12,90,1946
2000,12,95,481
2000,12,100,80
2001,01,1,31
2001,01,5,44
2001,01,10,44
2001,01,15,61
2001,01,20,88
2001,01,25,112
2001,01,30,194
2001,01,35,471
2001,01,40,938
2001,01,45,1689
2001,01,50,2699
2001,01,55,3512
2001,01,60,4403
2001,01,65,5523
2001,01,70,7109
2001,01,75,7718
2001,01,80,6560
2001,01,85,4198
2001,01,90,1902
2001,01,95,509
2001,01,100,61
2001,02,1,27
2001,02,5,35
2001,02,10,34
2001,02,15,58
2001,02,20,80
2001,02,25,105
2001,02,30,188
2001,02,35,387
2001,02,40,868
2001,02,45,1461
2001,02,50,2373
2001,02,55,3156
2001,02,60,3891
2001,02,65,4955
2001,02,70,6436
2001,02,75,7055
2001,02,80,5872
2001,02,85,3857
2001,02,90,1697
2001,02,95,450
2001,02,100,66
2001,03,1,31
2001,03,5,39
2001,03,10,40
2001,03,15,51
2001,03,20,68
2001,03,25,98
2001,03,30,271
2001,03,35,483
2001,03,40,917
2001,03,45,1641
2001,03,50,2554
2001,03,55,3261
2001,03,60,4239
2001,03,65,5505
2001,03,70,7055
2001,03,75,7958
2001,03,80,6409
2001,03,85,4292
2001,03,90,1875
2001,03,95,457
2001,03,100,72
2001,04,1,26
2001,04,5,45
2001,04,10,34
2001,04,15,59
2001,04,20,71
2001,04,25,119
2001,04,30,202
2001,04,35,485
2001,04,40,904
2001,04,45,1506
2001,04,50,2433
2001,04,55,3363
2001,04,60,4151
2001,04,65,5279
2001,04,70,6854
2001,04,75,7582
2001,04,80,6252
2001,04,85,4091
2001,04,90,1731
2001,04,95,492
2001,04,100,69
2001,05,1,38
2001,05,5,39
2001,05,10,54
2001,05,15,70
2001,05,20,92
2001,05,25,126
2001,05,30,242
2001,05,35,452
2001,05,40,946
2001,05,45,1598
2001,05,50,2591
2001,05,55,3344
2001,05,60,4194
2001,05,65,5427
2001,05,70,6932
2001,05,75,7434
2001,05,80,6180
2001,05,85,4134
2001,05,90,1838
2001,05,95,468
2001,05,100,44
2001,06,1,34
2001,06,5,37
2001,06,10,33
2001,06,15,58
2001,06,20,78
2001,06,25,131
2001,06,30,216
2001,06,35,448
2001,06,40,930
2001,06,45,1595
2001,06,50,2427
2001,06,55,3251
2001,06,60,4050
2001,06,65,5203
2001,06,70,6891
2001,06,75,7335
2001,06,80,6087
2001,06,85,3947
2001,06,90,1711
2001,06,95,455
2001,06,100,61
2001,07,1,38
2001,07,5,52
2001,07,10,46
2001,07,15,57
2001,07,20,68
2001,07,25,121
2001,07,30,211
2001,07,35,442
2001,07,40,917
2001,07,45,1576
2001,07,50,2454
2001,07,55,3331
2001,07,60,4184
2001,07,65,5351
2001,07,70,6900
2001,07,75,7345
2001,07,80,6114
2001,07,85,4109
2001,07,90,1774
2001,07,95,446
2001,07,100,60
2001,08,1,35
2001,08,5,39
2001,08,10,43
2001,08,15,71
2001,08,20,89
2001,08,25,109
2001,08,30,227
2001,08,35,453
2001,08,40,967
2001,08,45,1660
2001,08,50,2495
2001,08,55,3309
2001,08,60,4274
2001,08,65,5445
2001,08,70,6948
2001,08,75,7615
2001,08,80,6588
2001,08,85,4312
2001,08,90,1786
2001,08,95,481
2001,08,100,57
2001,09,1,41
2001,09,5,36
2001,09,10,58
2001,09,15,71
2001,09,20,88
2001,09,25,106
2001,09,30,203
2001,09,35,482
2001,09,40,946
2001,09,45,1560
2001,09,50,2662
2001,09,55,3245
2001,09,60,4157
2001,09,65,5274
2001,09,70,6782
2001,09,75,7289
2001,09,80,6150
2001,09,85,4111
2001,09,90,1737
2001,09,95,443
2001,09,100,57
2001,10,1,31
2001,10,5,35
2001,10,10,41
2001,10,15,70
2001,10,20,82
2001,10,25,124
2001,10,30,223
2001,10,35,466
2001,10,40,918
2001,10,45,1669
2001,10,50,2605
2001,10,55,3355
2001,10,60,4412
2001,10,65,5374
2001,10,70,7224
2001,10,75,7522
2001,10,80,6497
2001,10,85,4400
2001,10,90,1908
2001,10,95,488
2001,10,100,59
2001,11,1,44
2001,11,5,41
2001,11,10,40
2001,11,15,50
2001,11,20,97
2001,11,25,103
2001,11,30,205
2001,11,35,437
2001,11,40,938
2001,11,45,1640
2001,11,50,2528
2001,11,55,3250
2001,11,60,4173
2001,11,65,5363
2001,11,70,6726
2001,11,75,7444
2001,11,80,6149
2001,11,85,4074
2001,11,90,1820
2001,11,95,470
2001,11,100,61
2001,12,1,44
2001,12,5,51
2001,12,10,48
2001,12,15,56
2001,12,20,71
2001,12,25,135
2001,12,30,223
2001,12,35,460
2001,12,40,914
2001,12,45,1604
2001,12,50,2542
2001,12,55,3450
2001,12,60,4268
2001,12,65,5473
2001,12,70,6989
2001,12,75,7670
2001,12,80,6620
2001,12,85,4155
2001,12,90,1881
2001,12,95,525
2001,12,100,60
2002,01,1,34
2002,01,5,55
2002,01,10,43
2002,01,15,62
2002,01,20,83
2002,01,25,99
2002,01,30,214
2002,01,35,443
2002,01,40,896
2002,01,45,1613
2002,01,50,2606
2002,01,55,3510
2002,01,60,4525
2002,01,65,5487
2002,01,70,7077
2002,01,75,7747
2002,01,80,6655
2002,01,85,4401
2002,01,90,1928
2002,01,95,514
2002,01,100,79
2002,02,1,39
2002,02,5,44
2002,02,10,47
2002,02,15,68
2002,02,20,59
2002,02,25,96
2002,02,30,194
2002,02,35,436
2002,02,40,864
2002,02,45,1532
2002,02,50,2356
2002,02,55,3120
2002,02,60,4069
2002,02,65,5098
2002,02,70,6357
2002,02,75,7051
2002,02,80,6311
2002,02,85,4055
2002,02,90,1858
2002,02,95,470
2002,02,100,59
2002,03,1,34
2002,03,5,46
2002,03,10,38
2002,03,15,62
2002,03,20,94
2002,03,25,106
2002,03,30,232
2002,03,35,444
2002,03,40,913
2002,03,45,1593
2002,03,50,2560
2002,03,55,3634
2002,03,60,4466
2002,03,65,5491
2002,03,70,7082
2002,03,75,7965
2002,03,80,6745
2002,03,85,4418
2002,03,90,1894
2002,03,95,525
2002,03,100,74
2002,04,1,34
2002,04,5,31
2002,04,10,42
2002,04,15,51
2002,04,20,93
2002,04,25,97
2002,04,30,241
2002,04,35,385
2002,04,40,906
2002,04,45,1623
2002,04,50,2520
2002,04,55,3428
2002,04,60,4096
2002,04,65,5133
2002,04,70,6609
2002,04,75,7255
2002,04,80,6234
2002,04,85,3982
2002,04,90,1804
2002,04,95,431
2002,04,100,61
2002,05,1,25
2002,05,5,41
2002,05,10,53
2002,05,15,57
2002,05,20,67
2002,05,25,107
2002,05,30,191
2002,05,35,492
2002,05,40,944
2002,05,45,1641
2002,05,50,2567
2002,05,55,3584
2002,05,60,4413
2002,05,65,5408
2002,05,70,6890
2002,05,75,7497
2002,05,80,6394
2002,05,85,4156
2002,05,90,1813
2002,05,95,462
2002,05,100,60
2002,06,1,28
2002,06,5,39
2002,06,10,42
2002,06,15,57
2002,06,20,82
2002,06,25,130
2002,06,30,231
2002,06,35,433
2002,06,40,876
2002,06,45,1540
2002,06,50,2519
2002,06,55,3310
2002,06,60,4014
2002,06,65,5172
2002,06,70,6486
2002,06,75,6991
2002,06,80,6165
2002,06,85,4021
2002,06,90,1774
2002,06,95,448
2002,06,100,63
2002,07,1,29
2002,07,5,51
2002,07,10,41
2002,07,15,64
2002,07,20,81
2002,07,25,126
2002,07,30,240
2002,07,35,420
2002,07,40,923
2002,07,45,1685
2002,07,50,2596
2002,07,55,3510
2002,07,60,4418
2002,07,65,5169
2002,07,70,6795
2002,07,75,7291
2002,07,80,6549
2002,07,85,4223
2002,07,90,1840
2002,07,95,454
2002,07,100,61
2002,08,1,11
2002,08,1,24
2002,08,5,47
2002,08,10,50
2002,08,15,71
2002,08,20,92
2002,08,25,89
2002,08,30,242
2002,08,35,414
2002,08,40,983
2002,08,45,1612
2002,08,50,2476
2002,08,55,3502
2002,08,60,4338
2002,08,65,5329
2002,08,70,6746
2002,08,75,7607
2002,08,80,6420
2002,08,85,4249
2002,08,90,1849
2002,08,95,468
2002,08,100,61
2002,09,1,50
2002,09,5,46
2002,09,10,36
2002,09,15,75
2002,09,20,85
2002,09,25,106
2002,09,30,210
2002,09,35,433
2002,09,40,881
2002,09,45,1595
2002,09,50,2479
2002,09,55,3395
2002,09,60,4231
2002,09,65,5213
2002,09,70,6639
2002,09,75,7254
2002,09,80,6366
2002,09,85,4054
2002,09,90,1782
2002,09,95,478
2002,09,100,61
2002,10,1,36
2002,10,5,52
2002,10,10,54
2002,10,15,56
2002,10,20,85
2002,10,25,93
2002,10,30,202
2002,10,35,428
2002,10,40,898
2002,10,45,1590
2002,10,50,2572
2002,10,55,3496
2002,10,60,4521
2002,10,65,5411
2002,10,70,6895
2002,10,75,7740
2002,10,80,6542
2002,10,85,4273
2002,10,90,1910
2002,10,95,498
2002,10,100,75
2002,11,1,40
2002,11,5,42
2002,11,10,42
2002,11,15,41
2002,11,20,91
2002,11,25,100
2002,11,30,188
2002,11,35,405
2002,11,40,880
2002,11,45,1625
2002,11,50,2537
2002,11,55,3417
2002,11,60,4278
2002,11,65,5172
2002,11,70,6681
2002,11,75,7517
2002,11,80,6393
2002,11,85,4209
2002,11,90,1894
2002,11,95,482
2002,11,100,72
2002,12,1,29
2002,12,5,43
2002,12,10,47
2002,12,15,59
2002,12,20,95
2002,12,25,109
2002,12,30,229
2002,12,35,417
2002,12,40,971
2002,12,45,1646
2002,12,50,2554
2002,12,55,3581
2002,12,60,4535
2002,12,65,5515
2002,12,70,6902
2002,12,75,7650
2002,12,80,6723
2002,12,85,4257
2002,12,90,1977
2002,12,95,542
2002,12,100,63
2003,01,1,39
2003,01,5,46
2003,01,10,57
2003,01,15,66
2003,01,20,84
2003,01,25,110
2003,01,30,210
2003,01,35,453
2003,01,40,915
2003,01,45,1674
2003,01,50,2628
2003,01,55,3631
2003,01,60,4537
2003,01,65,5307
2003,01,70,6805
2003,01,75,7878
2003,01,80,6741
2003,01,85,4269
2003,01,90,2065
2003,01,95,506
2003,01,100,79
2003,02,1,36
2003,02,5,45
2003,02,10,39
2003,02,15,35
2003,02,20,67
2003,02,25,81
2003,02,30,183
2003,02,35,383
2003,02,40,849
2003,02,45,1461
2003,02,50,2276
2003,02,55,3219
2003,02,60,4087
2003,02,65,4791
2003,02,70,6182
2003,02,75,6847
2003,02,80,6059
2003,02,85,4064
2003,02,90,1777
2003,02,95,445
2003,02,100,63
2003,03,1,23
2003,03,5,46
2003,03,10,48
2003,03,15,58
2003,03,20,79
2003,03,25,111
2003,03,30,214
2003,03,35,420
2003,03,40,873
2003,03,45,1693
2003,03,50,2501
2003,03,55,3585
2003,03,60,4554
2003,03,65,5373
2003,03,70,6599
2003,03,75,7678
2003,03,80,6627
2003,03,85,4277
2003,03,90,1872
2003,03,95,491
2003,03,100,52
2003,04,1,38
2003,04,5,44
2003,04,10,49
2003,04,15,61
2003,04,20,68
2003,04,25,100
2003,04,30,183
2003,04,35,402
2003,04,40,851
2003,04,45,1602
2003,04,50,2524
2003,04,55,3467
2003,04,60,4375
2003,04,65,5116
2003,04,70,6322
2003,04,75,7340
2003,04,80,6387
2003,04,85,4042
2003,04,90,1785
2003,04,95,461
2003,04,100,62
2003,05,1,30
2003,05,5,32
2003,05,10,43
2003,05,15,53
2003,05,20,76
2003,05,25,122
2003,05,30,185
2003,05,35,432
2003,05,40,838
2003,05,45,1669
2003,05,50,2562
2003,05,55,3549
2003,05,60,4460
2003,05,65,5296
2003,05,70,6535
2003,05,75,7402
2003,05,80,6598
2003,05,85,4133
2003,05,90,1914
2003,05,95,450
2003,05,100,64
2003,06,1,37
2003,06,5,45
2003,06,10,43
2003,06,15,53
2003,06,20,88
2003,06,25,98
2003,06,30,211
2003,06,35,393
2003,06,40,861
2003,06,45,1577
2003,06,50,2455
2003,06,55,3485
2003,06,60,4327
2003,06,65,5085
2003,06,70,6426
2003,06,75,7157
2003,06,80,6364
2003,06,85,4048
2003,06,90,1798
2003,06,95,409
2003,06,100,56
2003,07,1,22
2003,07,5,43
2003,07,10,48
2003,07,15,56
2003,07,20,84
2003,07,25,124
2003,07,30,217
2003,07,35,402
2003,07,40,910
2003,07,45,1719
2003,07,50,2548
2003,07,55,3579
2003,07,60,4456
2003,07,65,5284
2003,07,70,6502
2003,07,75,7264
2003,07,80,6450
2003,07,85,4232
2003,07,90,1754
2003,07,95,452
2003,07,100,55
2003,08,1,31
2003,08,5,44
2003,08,10,57
2003,08,15,60
2003,08,20,101
2003,08,25,123
2003,08,30,222
2003,08,35,420
2003,08,40,860
2003,08,45,1678
2003,08,50,2575
2003,08,55,3528
2003,08,60,4576
2003,08,65,5412
2003,08,70,6547
2003,08,75,7634
2003,08,80,6403
2003,08,85,4307
2003,08,90,1878
2003,08,95,518
2003,08,100,72
2003,09,1,33
2003,09,5,53
2003,09,10,35
2003,09,15,70
2003,09,20,75
2003,09,25,106
2003,09,30,189
2003,09,35,379
2003,09,40,868
2003,09,45,1571
2003,09,50,2524
2003,09,55,3521
2003,09,60,4325
2003,09,65,5114
2003,09,70,6369
2003,09,75,7132
2003,09,80,6396
2003,09,85,4272
2003,09,90,1825
2003,09,95,474
2003,09,100,61
2003,10,1,22
2003,10,5,36
2003,10,10,48
2003,10,15,56
2003,10,20,81
2003,10,25,116
2003,10,30,228
2003,10,35,436
2003,10,40,923
2003,10,45,1686
2003,10,50,2648
2003,10,55,3604
2003,10,60,4636
2003,10,65,5510
2003,10,70,6565
2003,10,75,7660
2003,10,80,6834
2003,10,85,4310
2003,10,90,1976
2003,10,95,562
2003,10,100,59
2003,11,1,35
2003,11,5,37
2003,11,10,49
2003,11,15,57
2003,11,20,76
2003,11,25,108
2003,11,30,191
2003,11,35,414
2003,11,40,898
2003,11,45,1556
2003,11,50,2495
2003,11,55,3465
2003,11,60,4409
2003,11,65,5299
2003,11,70,6364
2003,11,75,7282
2003,11,80,6728
2003,11,85,4148
2003,11,90,1925
2003,11,95,515
2003,11,100,83
2003,12,1,46
2003,12,5,45
2003,12,10,44
2003,12,15,65
2003,12,20,82
2003,12,25,108
2003,12,30,201
2003,12,35,385
2003,12,40,944
2003,12,45,1666
2003,12,50,2555
2003,12,55,3682
2003,12,60,4635
2003,12,65,5554
2003,12,70,6891
2003,12,75,7812
2003,12,80,6944
2003,12,85,4687
2003,12,90,2091
2003,12,95,544
2003,12,100,64
2004,01,1,26
2004,01,5,49
2004,01,10,39
2004,01,15,66
2004,01,20,80
2004,01,25,118
2004,01,30,213
2004,01,35,414
2004,01,40,866
2004,01,45,1613
2004,01,50,2629
2004,01,55,3631
2004,01,60,4727
2004,01,65,5588
2004,01,70,6728
2004,01,75,7847
2004,01,80,6846
2004,01,85,4409
2004,01,90,2062
2004,01,95,541
2004,01,100,73
2004,02,1,37
2004,02,5,38
2004,02,10,42
2004,02,15,57
2004,02,20,72
2004,02,25,94
2004,02,30,187
2004,02,35,363
2004,02,40,872
2004,02,45,1585
2004,02,50,2427
2004,02,55,3413
2004,02,60,4208
2004,02,65,5269
2004,02,70,6164
2004,02,75,7097
2004,02,80,6206
2004,02,85,4016
2004,02,90,1774
2004,02,95,493
2004,02,100,70
2004,03,1,35
2004,03,5,41
2004,03,10,35
2004,03,15,65
2004,03,20,93
2004,03,25,92
2004,03,30,225
2004,03,35,383
2004,03,40,824
2004,03,45,1711
2004,03,50,2541
2004,03,55,3683
2004,03,60,4556
2004,03,65,5638
2004,03,70,6516
2004,03,75,7507
2004,03,80,6697
2004,03,85,4445
2004,03,90,1850
2004,03,95,510
2004,03,100,57
2004,04,1,32
2004,04,5,51
2004,04,10,41
2004,04,15,50
2004,04,20,74
2004,04,25,106
2004,04,30,187
2004,04,35,357
2004,04,40,836
2004,04,45,1558
2004,04,50,2342
2004,04,55,3548
2004,04,60,4267
2004,04,65,5068
2004,04,70,6362
2004,04,75,7043
2004,04,80,6474
2004,04,85,4153
2004,04,90,1853
2004,04,95,481
2004,04,100,77
2004,05,1,13
2004,05,1,32
2004,05,5,42
2004,05,10,44
2004,05,15,71
2004,05,20,79
2004,05,25,123
2004,05,30,202
2004,05,35,387
2004,05,40,889
2004,05,45,1589
2004,05,50,2546
2004,05,55,3577
2004,05,60,4524
2004,05,65,5337
2004,05,70,6264
2004,05,75,7250
2004,05,80,6602
2004,05,85,4171
2004,05,90,1876
2004,05,95,451
2004,05,100,65
2004,06,1,36
2004,06,5,46
2004,06,10,39
2004,06,15,59
2004,06,20,68
2004,06,25,117
2004,06,30,196
2004,06,35,375
2004,06,40,844
2004,06,45,1607
2004,06,50,2435
2004,06,55,3510
2004,06,60,4307
2004,06,65,5000
2004,06,70,6183
2004,06,75,7023
2004,06,80,6296
2004,06,85,4019
2004,06,90,1821
2004,06,95,452
2004,06,100,63
2004,07,1,10
2004,07,1,34
2004,07,5,39
2004,07,10,36
2004,07,15,54
2004,07,20,92
2004,07,25,102
2004,07,30,189
2004,07,35,359
2004,07,40,895
2004,07,45,1645
2004,07,50,2604
2004,07,55,3598
2004,07,60,4565
2004,07,65,5228
2004,07,70,6349
2004,07,75,7267
2004,07,80,6603
2004,07,85,4212
2004,07,90,1890
2004,07,95,481
2004,07,100,60
2004,08,1,42
2004,08,5,49
2004,08,10,33
2004,08,15,67
2004,08,20,85
2004,08,25,111
2004,08,30,194
2004,08,35,371
2004,08,40,854
2004,08,45,1609
2004,08,50,2581
2004,08,55,3695
2004,08,60,4440
2004,08,65,5273
2004,08,70,6259
2004,08,75,7233
2004,08,80,6687
2004,08,85,4364
2004,08,90,1928
2004,08,95,455
2004,08,100,69
2004,09,1,29
2004,09,5,40
2004,09,10,37
2004,09,15,66
2004,09,20,83
2004,09,25,96
2004,09,30,189
2004,09,35,380
2004,09,40,826
2004,09,45,1542
2004,09,50,2443
2004,09,55,3600
2004,09,60,4476
2004,09,65,5141
2004,09,70,6212
2004,09,75,6990
2004,09,80,6364
2004,09,85,4097
2004,09,90,1880
2004,09,95,498
2004,09,100,57
2004,10,1,30
2004,10,5,44
2004,10,10,58
2004,10,15,59
2004,10,20,80
2004,10,25,119
2004,10,30,200
2004,10,35,412
2004,10,40,839
2004,10,45,1620
2004,10,50,2669
2004,10,55,3582
2004,10,60,4584
2004,10,65,5388
2004,10,70,6481
2004,10,75,7355
2004,10,80,6866
2004,10,85,4358
2004,10,90,2005
2004,10,95,496
2004,10,100,63
2004,11,1,32
2004,11,5,36
2004,11,10,45
2004,11,15,67
2004,11,20,75
2004,11,25,89
2004,11,30,178
2004,11,35,336
2004,11,40,857
2004,11,45,1513
2004,11,50,2512
2004,11,55,3557
2004,11,60,4378
2004,11,65,5205
2004,11,70,6028
2004,11,75,6904
2004,11,80,6680
2004,11,85,4193
2004,11,90,1882
2004,11,95,494
2004,11,100,62
2004,12,1,34
2004,12,5,51
2004,12,10,44
2004,12,15,50
2004,12,20,97
2004,12,25,119
2004,12,30,187
2004,12,35,381
2004,12,40,803
2004,12,45,1598
2004,12,50,2601
2004,12,55,3733
2004,12,60,4797
2004,12,65,5368
2004,12,70,6368
2004,12,75,7349
2004,12,80,6899
2004,12,85,4414
2004,12,90,2023
2004,12,95,503
2004,12,100,79
2005,01,1,35
2005,01,5,44
2005,01,10,43
2005,01,15,45
2005,01,20,90
2005,01,25,107
2005,01,30,211
2005,01,35,362
2005,01,40,914
2005,01,45,1711
2005,01,50,2600
2005,01,55,3691
2005,01,60,4770
2005,01,65,5505
2005,01,70,6440
2005,01,75,7570
2005,01,80,7086
2005,01,85,4475
2005,01,90,2109
2005,01,95,543
2005,01,100,66
2005,02,1,10
2005,02,1,32
2005,02,5,38
2005,02,10,32
2005,02,15,53
2005,02,20,76
2005,02,25,102
2005,02,30,201
2005,02,35,383
2005,02,40,839
2005,02,45,1509
2005,02,50,2318
2005,02,55,3473
2005,02,60,4365
2005,02,65,4975
2005,02,70,6057
2005,02,75,6800
2005,02,80,6446
2005,02,85,4250
2005,02,90,1932
2005,02,95,490
2005,02,100,65
2005,03,1,32
2005,03,5,36
2005,03,10,45
2005,03,15,65
2005,03,20,80
2005,03,25,104
2005,03,30,190
2005,03,35,406
2005,03,40,866
2005,03,45,1667
2005,03,50,2555
2005,03,55,3821
2005,03,60,4726
2005,03,65,5456
2005,03,70,6614
2005,03,75,7372
2005,03,80,7030
2005,03,85,4645
2005,03,90,2123
2005,03,95,543
2005,03,100,55
2005,04,1,21
2005,04,5,43
2005,04,10,42
2005,04,15,67
2005,04,20,90
2005,04,25,105
2005,04,30,193
2005,04,35,351
2005,04,40,864
2005,04,45,1594
2005,04,50,2532
2005,04,55,3566
2005,04,60,4502
2005,04,65,5154
2005,04,70,6198
2005,04,75,7007
2005,04,80,6515
2005,04,85,4311
2005,04,90,1898
2005,04,95,492
2005,04,100,52
2005,05,1,10
2005,05,1,42
2005,05,5,26
2005,05,10,36
2005,05,15,54
2005,05,20,62
2005,05,25,119
2005,05,30,184
2005,05,35,340
2005,05,40,843
2005,05,45,1583
2005,05,50,2559
2005,05,55,3692
2005,05,60,4691
2005,05,65,5238
2005,05,70,6315
2005,05,75,7188
2005,05,80,6706
2005,05,85,4378
2005,05,90,1905
2005,05,95,505
2005,05,100,62
2005,06,1,36
2005,06,5,41
2005,06,10,44
2005,06,15,50
2005,06,20,81
2005,06,25,110
2005,06,30,166
2005,06,35,380
2005,06,40,812
2005,06,45,1579
2005,06,50,2493
2005,06,55,3595
2005,06,60,4419
2005,06,65,5074
2005,06,70,6181
2005,06,75,7053
2005,06,80,6285
2005,06,85,4272
2005,06,90,1813
2005,06,95,451
2005,06,100,55
2005,07,1,33
2005,07,5,37
2005,07,10,43
2005,07,15,68
2005,07,20,88
2005,07,25,130
2005,07,30,196
2005,07,35,343
2005,07,40,826
2005,07,45,1659
2005,07,50,2689
2005,07,55,3682
2005,07,60,4579
2005,07,65,5227
2005,07,70,6262
2005,07,75,7060
2005,07,80,6650
2005,07,85,4213
2005,07,90,1984
2005,07,95,494
2005,07,100,48
2005,08,1,11
2005,08,1,29
2005,08,5,38
2005,08,10,40
2005,08,15,52
2005,08,20,91
2005,08,25,126
2005,08,30,179
2005,08,35,371
2005,08,40,859
2005,08,45,1660
2005,08,50,2693
2005,08,55,3794
2005,08,60,4513
2005,08,65,5277
2005,08,70,6273
2005,08,75,7299
2005,08,80,6850
2005,08,85,4368
2005,08,90,1993
2005,08,95,492
2005,08,100,70
2005,09,1,23
2005,09,5,45
2005,09,10,53
2005,09,15,68
2005,09,20,79
2005,09,25,106
2005,09,30,156
2005,09,35,352
2005,09,40,855
2005,09,45,1554
2005,09,50,2488
2005,09,55,3735
2005,09,60,4561
2005,09,65,5165
2005,09,70,6190
2005,09,75,6888
2005,09,80,6686
2005,09,85,4316
2005,09,90,1874
2005,09,95,495
2005,09,100,78
2005,10,1,26
2005,10,5,46
2005,10,10,52
2005,10,15,66
2005,10,20,70
2005,10,25,117
2005,10,30,201
2005,10,35,377
2005,10,40,833
2005,10,45,1633
2005,10,50,2716
2005,10,55,3762
2005,10,60,4605
2005,10,65,5296
2005,10,70,6222
2005,10,75,7218
2005,10,80,6812
2005,10,85,4586
2005,10,90,2073
2005,10,95,510
2005,10,100,65
2005,11,1,33
2005,11,5,45
2005,11,10,42
2005,11,15,76
2005,11,20,89
2005,11,25,105
2005,11,30,188
2005,11,35,357
2005,11,40,825
2005,11,45,1656
2005,11,50,2641
2005,11,55,3663
2005,11,60,4388
2005,11,65,5175
2005,11,70,6094
2005,11,75,6998
2005,11,80,6555
2005,11,85,4448
2005,11,90,1988
2005,11,95,525
2005,11,100,74
2005,12,1,35
2005,12,5,46
2005,12,10,43
2005,12,15,67
2005,12,20,90
2005,12,25,106
2005,12,30,199
2005,12,35,356
2005,12,40,852
2005,12,45,1647
2005,12,50,2669
2005,12,55,3884
2005,12,60,4763
2005,12,65,5494
2005,12,70,6564
2005,12,75,7408
2005,12,80,6939
2005,12,85,4609
2005,12,90,2067
2005,12,95,528
2005,12,100,67
2006,01,1,33
2006,01,5,25
2006,01,10,38
2006,01,15,66
2006,01,20,85
2006,01,25,130
2006,01,30,213
2006,01,35,379
2006,01,40,842
2006,01,45,1698
2006,01,50,2576
2006,01,55,3954
2006,01,60,4790
2006,01,65,5459
2006,01,70,6260
2006,01,75,7367
2006,01,80,6929
2006,01,85,4652
2006,01,90,2097
2006,01,95,581
2006,01,100,76
2006,02,1,28
2006,02,5,43
2006,02,10,37
2006,02,15,45
2006,02,20,70
2006,02,25,131
2006,02,30,195
2006,02,35,330
2006,02,40,756
2006,02,45,1416
2006,02,50,2474
2006,02,55,3536
2006,02,60,4293
2006,02,65,5063
2006,02,70,5855
2006,02,75,6718
2006,02,80,6361
2006,02,85,4183
2006,02,90,1897
2006,02,95,505
2006,02,100,58
2006,03,1,36
2006,03,5,43
2006,03,10,46
2006,03,15,53
2006,03,20,87
2006,03,25,109
2006,03,30,184
2006,03,35,398
2006,03,40,811
2006,03,45,1652
2006,03,50,2729
2006,03,55,3910
2006,03,60,4837
2006,03,65,5442
2006,03,70,6358
2006,03,75,7442
2006,03,80,6964
2006,03,85,4703
2006,03,90,2094
2006,03,95,542
2006,03,100,59
2006,04,1,30
2006,04,5,36
2006,04,10,38
2006,04,15,58
2006,04,20,60
2006,04,25,112
2006,04,30,185
2006,04,35,338
2006,04,40,790
2006,04,45,1514
2006,04,50,2488
2006,04,55,3719
2006,04,60,4399
2006,04,65,5206
2006,04,70,6072
2006,04,75,6851
2006,04,80,6509
2006,04,85,4361
2006,04,90,1946
2006,04,95,489
2006,04,100,67
2006,05,1,35
2006,05,5,43
2006,05,10,45
2006,05,15,49
2006,05,20,82
2006,05,25,108
2006,05,30,193
2006,05,35,355
2006,05,40,791
2006,05,45,1672
2006,05,50,2631
2006,05,55,3903
2006,05,60,4587
2006,05,65,5399
2006,05,70,6193
2006,05,75,7078
2006,05,80,6740
2006,05,85,4461
2006,05,90,2016
2006,05,95,571
2006,05,100,64
2006,06,1,31
2006,06,5,39
2006,06,10,40
2006,06,15,70
2006,06,20,99
2006,06,25,115
2006,06,30,187
2006,06,35,334
2006,06,40,786
2006,06,45,1580
2006,06,50,2492
2006,06,55,3633
2006,06,60,4430
2006,06,65,5099
2006,06,70,5978
2006,06,75,6873
2006,06,80,6486
2006,06,85,4399
2006,06,90,2000
2006,06,95,432
2006,06,100,65
2006,07,1,10
2006,07,1,32
2006,07,5,41
2006,07,10,36
2006,07,15,51
2006,07,20,62
2006,07,25,112
2006,07,30,184
2006,07,35,402
2006,07,40,792
2006,07,45,1635
2006,07,50,2681
2006,07,55,4023
2006,07,60,4622
2006,07,65,5347
2006,07,70,6027
2006,07,75,6950
2006,07,80,6596
2006,07,85,4328
2006,07,90,2068
2006,07,95,514
2006,07,100,69
2006,08,1,31
2006,08,5,33
2006,08,10,36
2006,08,15,48
2006,08,20,89
2006,08,25,129
2006,08,30,176
2006,08,35,391
2006,08,40,807
2006,08,45,1583
2006,08,50,2564
2006,08,55,3889
2006,08,60,4611
2006,08,65,5405
2006,08,70,6143
2006,08,75,7076
2006,08,80,6779
2006,08,85,4425
2006,08,90,1976
2006,08,95,486
2006,08,100,54
2006,09,1,21
2006,09,5,39
2006,09,10,26
2006,09,15,52
2006,09,20,86
2006,09,25,114
2006,09,30,186
2006,09,35,361
2006,09,40,781
2006,09,45,1590
2006,09,50,2538
2006,09,55,3840
2006,09,60,4642
2006,09,65,5325
2006,09,70,6128
2006,09,75,6786
2006,09,80,6576
2006,09,85,4476
2006,09,90,1952
2006,09,95,490
2006,09,100,63
2006,10,1,29
2006,10,5,34
2006,10,10,30
2006,10,15,52
2006,10,20,95
2006,10,25,110
2006,10,30,192
2006,10,35,359
2006,10,40,808
2006,10,45,1618
2006,10,50,2719
2006,10,55,3961
2006,10,60,4829
2006,10,65,5388
2006,10,70,6260
2006,10,75,7138
2006,10,80,6996
2006,10,85,4581
2006,10,90,2105
2006,10,95,525
2006,10,100,72
2006,11,1,36
2006,11,5,40
2006,11,10,31
2006,11,15,62
2006,11,20,77
2006,11,25,106
2006,11,30,179
2006,11,35,359
2006,11,40,788
2006,11,45,1614
2006,11,50,2562
2006,11,55,3751
2006,11,60,4638
2006,11,65,5240
2006,11,70,6167
2006,11,75,6985
2006,11,80,6557
2006,11,85,4506
2006,11,90,2051
2006,11,95,575
2006,11,100,69
2006,12,1,35
2006,12,5,43
2006,12,10,45
2006,12,15,69
2006,12,20,77
2006,12,25,114
2006,12,30,192
2006,12,35,392
2006,12,40,767
2006,12,45,1602
2006,12,50,2706
2006,12,55,3938
2006,12,60,4719
2006,12,65,5447
2006,12,70,6293
2006,12,75,7239
2006,12,80,6893
2006,12,85,4736
2006,12,90,2063
2006,12,95,503
2006,12,100,67
2007,01,1,37
2007,01,5,33
2007,01,10,28
2007,01,15,75
2007,01,20,83
2007,01,25,126
2007,01,30,193
2007,01,35,384
2007,01,40,838
2007,01,45,1591
2007,01,50,2600
2007,01,55,3905
2007,01,60,4964
2007,01,65,5647
2007,01,70,6373
2007,01,75,7144
2007,01,80,7029
2007,01,85,4746
2007,01,90,2111
2007,01,95,581
2007,01,100,76
2007,02,1,24
2007,02,5,36
2007,02,10,34
2007,02,15,39
2007,02,20,77
2007,02,25,103
2007,02,30,171
2007,02,35,320
2007,02,40,705
2007,02,45,1482
2007,02,50,2451
2007,02,55,3703
2007,02,60,4572
2007,02,65,5116
2007,02,70,5762
2007,02,75,6541
2007,02,80,6398
2007,02,85,4340
2007,02,90,1906
2007,02,95,540
2007,02,100,54
2007,03,1,25
2007,03,5,47
2007,03,10,28
2007,03,15,49
2007,03,20,89
2007,03,25,120
2007,03,30,149
2007,03,35,381
2007,03,40,795
2007,03,45,1584
2007,03,50,2671
2007,03,55,3875
2007,03,60,4859
2007,03,65,5469
2007,03,70,6149
2007,03,75,7116
2007,03,80,6783
2007,03,85,4768
2007,03,90,2100
2007,03,95,545
2007,03,100,66
2007,04,1,43
2007,04,5,40
2007,04,10,47
2007,04,15,51
2007,04,20,82
2007,04,25,108
2007,04,30,191
2007,04,35,323
2007,04,40,732
2007,04,45,1566
2007,04,50,2504
2007,04,55,3677
2007,04,60,4713
2007,04,65,5305
2007,04,70,5902
2007,04,75,6935
2007,04,80,6502
2007,04,85,4616
2007,04,90,2019
2007,04,95,508
2007,04,100,73
2007,05,1,21
2007,05,5,41
2007,05,10,49
2007,05,15,58
2007,05,20,73
2007,05,25,103
2007,05,30,209
2007,05,35,368
2007,05,40,801
2007,05,45,1567
2007,05,50,2589
2007,05,55,3791
2007,05,60,4741
2007,05,65,5474
2007,05,70,6036
2007,05,75,6909
2007,05,80,6621
2007,05,85,4654
2007,05,90,2039
2007,05,95,489
2007,05,100,66
2007,06,1,25
2007,06,5,47
2007,06,10,32
2007,06,15,59
2007,06,20,77
2007,06,25,102
2007,06,30,152
2007,06,35,336
2007,06,40,719
2007,06,45,1580
2007,06,50,2563
2007,06,55,3683
2007,06,60,4681
2007,06,65,5354
2007,06,70,6019
2007,06,75,6721
2007,06,80,6397
2007,06,85,4438
2007,06,90,1945
2007,06,95,513
2007,06,100,70
2007,07,1,33
2007,07,5,30
2007,07,10,40
2007,07,15,59
2007,07,20,70
2007,07,25,120
2007,07,30,190
2007,07,35,372
2007,07,40,766
2007,07,45,1586
2007,07,50,2769
2007,07,55,3777
2007,07,60,4811
2007,07,65,5397
2007,07,70,6113
2007,07,75,7068
2007,07,80,6747
2007,07,85,4669
2007,07,90,2067
2007,07,95,493
2007,07,100,60
2007,08,1,36
2007,08,5,43
2007,08,10,46
2007,08,15,59
2007,08,20,92
2007,08,25,92
2007,08,30,188
2007,08,35,346
2007,08,40,753
2007,08,45,1588
2007,08,50,2693
2007,08,55,3860
2007,08,60,4801
2007,08,65,5747
2007,08,70,6054
2007,08,75,6906
2007,08,80,6849
2007,08,85,4775
2007,08,90,2074
2007,08,95,503
2007,08,100,67
2007,09,1,24
2007,09,5,34
2007,09,10,49
2007,09,15,53
2007,09,20,78
2007,09,25,109
2007,09,30,176
2007,09,35,365
2007,09,40,780
2007,09,45,1555
2007,09,50,2566
2007,09,55,3740
2007,09,60,4785
2007,09,65,5260
2007,09,70,6003
2007,09,75,6756
2007,09,80,6774
2007,09,85,4616
2007,09,90,2032
2007,09,95,544
2007,09,100,56
2007,10,1,32
2007,10,5,39
2007,10,10,43
2007,10,15,44
2007,10,20,91
2007,10,25,112
2007,10,30,170
2007,10,35,349
2007,10,40,759
2007,10,45,1565
2007,10,50,2734
2007,10,55,3840
2007,10,60,4994
2007,10,65,5624
2007,10,70,6133
2007,10,75,7044
2007,10,80,6997
2007,10,85,4745
2007,10,90,2170
2007,10,95,533
2007,10,100,74
2007,11,1,37
2007,11,5,51
2007,11,10,40
2007,11,15,66
2007,11,20,80
2007,11,25,115
2007,11,30,172
2007,11,35,335
2007,11,40,708
2007,11,45,1528
2007,11,50,2573
2007,11,55,3770
2007,11,60,4821
2007,11,65,5433
2007,11,70,5999
2007,11,75,6803
2007,11,80,6632
2007,11,85,4628
2007,11,90,2011
2007,11,95,542
2007,11,100,104
2007,12,1,27
2007,12,5,39
2007,12,10,43
2007,12,15,61
2007,12,20,88
2007,12,25,108
2007,12,30,184
2007,12,35,358
2007,12,40,695
2007,12,45,1586
2007,12,50,2676
2007,12,55,3855
2007,12,60,4953
2007,12,65,5798
2007,12,70,6299
2007,12,75,7045
2007,12,80,6891
2007,12,85,4877
2007,12,90,2100
2007,12,95,583
2007,12,100,70
2008,01,1,35
2008,01,5,33
2008,01,10,51
2008,01,15,66
2008,01,20,87
2008,01,25,117
2008,01,30,186
2008,01,35,332
2008,01,40,750
2008,01,45,1612
2008,01,50,2743
2008,01,55,3917
2008,01,60,4976
2008,01,65,5824
2008,01,70,6349
2008,01,75,7132
2008,01,80,6796
2008,01,85,4799
2008,01,90,2170
2008,01,95,568
2008,01,100,80
2008,02,1,26
2008,02,5,52
2008,02,10,25
2008,02,15,45
2008,02,20,87
2008,02,25,117
2008,02,30,183
2008,02,35,361
2008,02,40,694
2008,02,45,1558
2008,02,50,2612
2008,02,55,3676
2008,02,60,4783
2008,02,65,5378
2008,02,70,5995
2008,02,75,6740
2008,02,80,6683
2008,02,85,4645
2008,02,90,2097
2008,02,95,571
2008,02,100,78
2008,03,1,39
2008,03,5,42
2008,03,10,46
2008,03,15,54
2008,03,20,85
2008,03,25,124
2008,03,30,158
2008,03,35,355
2008,03,40,726
2008,03,45,1598
2008,03,50,2575
2008,03,55,3835
2008,03,60,4997
2008,03,65,5680
2008,03,70,6238
2008,03,75,6965
2008,03,80,7018
2008,03,85,4892
2008,03,90,2186
2008,03,95,581
2008,03,100,64
2008,04,1,33
2008,04,5,37
2008,04,10,49
2008,04,15,52
2008,04,20,61
2008,04,25,106
2008,04,30,157
2008,04,35,324
2008,04,40,723
2008,04,45,1443
2008,04,50,2611
2008,04,55,3689
2008,04,60,4881
2008,04,65,5403
2008,04,70,5895
2008,04,75,6656
2008,04,80,6457
2008,04,85,4771
2008,04,90,2030
2008,04,95,515
2008,04,100,72
2008,05,1,31
2008,05,5,33
2008,05,10,36
2008,05,15,68
2008,05,20,77
2008,05,25,115
2008,05,30,169
2008,05,35,377
2008,05,40,706
2008,05,45,1564
2008,05,50,2608
2008,05,55,3815
2008,05,60,4787
2008,05,65,5774
2008,05,70,6040
2008,05,75,6773
2008,05,80,6667
2008,05,85,4777
2008,05,90,2064
2008,05,95,498
2008,05,100,82
2008,06,1,32
2008,06,5,29
2008,06,10,29
2008,06,15,52
2008,06,20,80
2008,06,25,132
2008,06,30,180
2008,06,35,310
2008,06,40,650
2008,06,45,1572
2008,06,50,2661
2008,06,55,3711
2008,06,60,4663
2008,06,65,5498
2008,06,70,5906
2008,06,75,6258
2008,06,80,6486
2008,06,85,4609
2008,06,90,1992
2008,06,95,543
2008,06,100,68
2008,07,1,23
2008,07,5,43
2008,07,10,39
2008,07,15,51
2008,07,20,77
2008,07,25,122
2008,07,30,193
2008,07,35,391
2008,07,40,717
2008,07,45,1503
2008,07,50,2704
2008,07,55,3773
2008,07,60,4888
2008,07,65,5700
2008,07,70,6031
2008,07,75,6755
2008,07,80,6582
2008,07,85,4614
2008,07,90,2108
2008,07,95,525
2008,07,100,70
2008,08,1,37
2008,08,5,48
2008,08,10,27
2008,08,15,53
2008,08,20,88
2008,08,25,126
2008,08,30,201
2008,08,35,365
2008,08,40,680
2008,08,45,1570
2008,08,50,2672
2008,08,55,3862
2008,08,60,4910
2008,08,65,5667
2008,08,70,6162
2008,08,75,6870
2008,08,80,6616
2008,08,85,4752
2008,08,90,2074
2008,08,95,552
2008,08,100,62
2008,09,1,29
2008,09,5,43
2008,09,10,32
2008,09,15,60
2008,09,20,86
2008,09,25,119
2008,09,30,162
2008,09,35,319
2008,09,40,680
2008,09,45,1519
2008,09,50,2600
2008,09,55,3645
2008,09,60,4891
2008,09,65,5686
2008,09,70,5901
2008,09,75,6532
2008,09,80,6516
2008,09,85,4679
2008,09,90,2060
2008,09,95,498
2008,09,100,68
2008,10,1,39
2008,10,5,31
2008,10,10,36
2008,10,15,61
2008,10,20,77
2008,10,25,119
2008,10,30,168
2008,10,35,345
2008,10,40,755
2008,10,45,1583
2008,10,50,2629
2008,10,55,3888
2008,10,60,4925
2008,10,65,5717
2008,10,70,6193
2008,10,75,6821
2008,10,80,6830
2008,10,85,4907
2008,10,90,2126
2008,10,95,569
2008,10,100,74
2008,11,1,32
2008,11,5,28
2008,11,10,34
2008,11,15,59
2008,11,20,76
2008,11,25,101
2008,11,30,172
2008,11,35,350
2008,11,40,702
2008,11,45,1513
2008,11,50,2700
2008,11,55,3699
2008,11,60,4932
2008,11,65,5663
2008,11,70,6146
2008,11,75,6590
2008,11,80,6631
2008,11,85,4661
2008,11,90,2160
2008,11,95,531
2008,11,100,76
2008,12,1,38
2008,12,5,38
2008,12,10,29
2008,12,15,64
2008,12,20,97
2008,12,25,124
2008,12,30,170
2008,12,35,371
2008,12,40,716
2008,12,45,1550
2008,12,50,2703
2008,12,55,3874
2008,12,60,5074
2008,12,65,6060
2008,12,70,6253
2008,12,75,6863
2008,12,80,6723
2008,12,85,4881
2008,12,90,2179
2008,12,95,562
2008,12,100,70
2009,01,1,34
2009,01,5,42
2009,01,10,37
2009,01,15,54
2009,01,20,96
2009,01,25,115
2009,01,30,205
2009,01,35,386
2009,01,40,730
2009,01,45,1606
2009,01,50,2722
2009,01,55,4116
2009,01,60,5247
2009,01,65,5825
2009,01,70,6292
2009,01,75,6857
2009,01,80,6811
2009,01,85,4912
2009,01,90,2250
2009,01,95,565
2009,01,100,60
2009,02,1,10
2009,02,1,29
2009,02,5,42
2009,02,10,20
2009,02,15,45
2009,02,20,75
2009,02,25,115
2009,02,30,182
2009,02,35,349
2009,02,40,662
2009,02,45,1370
2009,02,50,2499
2009,02,55,3671
2009,02,60,4678
2009,02,65,5362
2009,02,70,5650
2009,02,75,6202
2009,02,80,6192
2009,02,85,4525
2009,02,90,1971
2009,02,95,529
2009,02,100,71
2009,03,1,34
2009,03,5,42
2009,03,10,25
2009,03,15,58
2009,03,20,83
2009,03,25,126
2009,03,30,209
2009,03,35,372
2009,03,40,698
2009,03,45,1580
2009,03,50,2738
2009,03,55,3866
2009,03,60,5159
2009,03,65,5779
2009,03,70,6196
2009,03,75,6766
2009,03,80,6823
2009,03,85,4935
2009,03,90,2207
2009,03,95,578
2009,03,100,74
2009,04,1,11
2009,04,1,34
2009,04,5,29
2009,04,10,31
2009,04,15,50
2009,04,20,88
2009,04,25,105
2009,04,30,185
2009,04,35,352
2009,04,40,705
2009,04,45,1479
2009,04,50,2668
2009,04,55,3785
2009,04,60,4846
2009,04,65,5694
2009,04,70,5965
2009,04,75,6530
2009,04,80,6492
2009,04,85,4670
2009,04,90,1986
2009,04,95,556
2009,04,100,54
2009,05,1,24
2009,05,5,37
2009,05,10,34
2009,05,15,53
2009,05,20,78
2009,05,25,108
2009,05,30,188
2009,05,35,335
2009,05,40,690
2009,05,45,1548
2009,05,50,2715
2009,05,55,3741
2009,05,60,4954
2009,05,65,5621
2009,05,70,6159
2009,05,75,6590
2009,05,80,6499
2009,05,85,4836
2009,05,90,2047
2009,05,95,546
2009,05,100,72
2009,06,1,24
2009,06,5,36
2009,06,10,42
2009,06,15,52
2009,06,20,78
2009,06,25,113
2009,06,30,162
2009,06,35,345
2009,06,40,719
2009,06,45,1483
2009,06,50,2625
2009,06,55,3734
2009,06,60,4940
2009,06,65,5497
2009,06,70,5983
2009,06,75,6448
2009,06,80,6375
2009,06,85,4652
2009,06,90,2019
2009,06,95,487
2009,06,100,73
2009,07,1,30
2009,07,5,45
2009,07,10,36
2009,07,15,66
2009,07,20,73
2009,07,25,133
2009,07,30,192
2009,07,35,395
2009,07,40,699
2009,07,45,1525
2009,07,50,2775
2009,07,55,3785
2009,07,60,5150
2009,07,65,5840
2009,07,70,5963
2009,07,75,6657
2009,07,80,6478
2009,07,85,4938
2009,07,90,2143
2009,07,95,534
2009,07,100,57
2009,08,1,30
2009,08,5,32
2009,08,10,38
2009,08,15,55
2009,08,20,76
2009,08,25,111
2009,08,30,180
2009,08,35,312
2009,08,40,644
2009,08,45,1560
2009,08,50,2756
2009,08,55,3855
2009,08,60,5183
2009,08,65,5822
2009,08,70,6341
2009,08,75,6641
2009,08,80,6462
2009,08,85,4892
2009,08,90,2120
2009,08,95,540
2009,08,100,58
2009,09,1,26
2009,09,5,43
2009,09,10,29
2009,09,15,58
2009,09,20,92
2009,09,25,121
2009,09,30,183
2009,09,35,354
2009,09,40,644
2009,09,45,1441
2009,09,50,2667
2009,09,55,3827
2009,09,60,4995
2009,09,65,5591
2009,09,70,5933
2009,09,75,6420
2009,09,80,6578
2009,09,85,4910
2009,09,90,2069
2009,09,95,541
2009,09,100,70
2009,10,1,28
2009,10,5,43
2009,10,10,54
2009,10,15,61
2009,10,20,77
2009,10,25,127
2009,10,30,184
2009,10,35,382
2009,10,40,728
2009,10,45,1579
2009,10,50,2819
2009,10,55,3880
2009,10,60,5222
2009,10,65,6050
2009,10,70,6319
2009,10,75,6723
2009,10,80,6805
2009,10,85,5115
2009,10,90,2192
2009,10,95,575
2009,10,100,76
2009,11,1,31
2009,11,5,50
2009,11,10,40
2009,11,15,38
2009,11,20,92
2009,11,25,122
2009,11,30,179
2009,11,35,316
2009,11,40,672
2009,11,45,1474
2009,11,50,2670
2009,11,55,3827
2009,11,60,5034
2009,11,65,5704
2009,11,70,6022
2009,11,75,6588
2009,11,80,6555
2009,11,85,4792
2009,11,90,2150
2009,11,95,583
2009,11,100,72
2009,12,1,26
2009,12,5,36
2009,12,10,33
2009,12,15,54
2009,12,20,84
2009,12,25,123
2009,12,30,191
2009,12,35,336
2009,12,40,694
2009,12,45,1547
2009,12,50,2770
2009,12,55,4074
2009,12,60,5260
2009,12,65,5941
2009,12,70,6322
2009,12,75,6713
2009,12,80,6755
2009,12,85,5153
2009,12,90,2251
2009,12,95,618
2009,12,100,80
2010,01,1,31
2010,01,5,34
2010,01,10,51
2010,01,15,53
2010,01,20,79
2010,01,25,120
2010,01,30,185
2010,01,35,362
2010,01,40,673
2010,01,45,1561
2010,01,50,2785
2010,01,55,3998
2010,01,60,5323
2010,01,65,5992
2010,01,70,6490
2010,01,75,6671
2010,01,80,6961
2010,01,85,5180
2010,01,90,2223
2010,01,95,609
2010,01,100,73
2010,02,1,21
2010,02,5,34
2010,02,10,28
2010,02,15,41
2010,02,20,88
2010,02,25,106
2010,02,30,157
2010,02,35,323
2010,02,40,609
2010,02,45,1348
2010,02,50,2497
2010,02,55,3638
2010,02,60,4856
2010,02,65,5449
2010,02,70,5728
2010,02,75,6252
2010,02,80,6095
2010,02,85,4720
2010,02,90,2078
2010,02,95,558
2010,02,100,62
2010,03,1,24
2010,03,5,42
2010,03,10,45
2010,03,15,51
2010,03,20,70
2010,03,25,115
2010,03,30,191
2010,03,35,334
2010,03,40,647
2010,03,45,1541
2010,03,50,2808
2010,03,55,3945
2010,03,60,5255
2010,03,65,6027
2010,03,70,6261
2010,03,75,6792
2010,03,80,6773
2010,03,85,5081
2010,03,90,2258
2010,03,95,592
2010,03,100,66
2010,04,1,36
2010,04,5,32
2010,04,10,45
2010,04,15,55
2010,04,20,76
2010,04,25,131
2010,04,30,177
2010,04,35,330
2010,04,40,658
2010,04,45,1392
2010,04,50,2616
2010,04,55,3830
2010,04,60,5083
2010,04,65,5666
2010,04,70,5916
2010,04,75,6361
2010,04,80,6548
2010,04,85,4923
2010,04,90,2193
2010,04,95,587
2010,04,100,60
2010,05,1,28
2010,05,5,38
2010,05,10,27
2010,05,15,63
2010,05,20,94
2010,05,25,124
2010,05,30,211
2010,05,35,311
2010,05,40,622
2010,05,45,1452
2010,05,50,2725
2010,05,55,3855
2010,05,60,5155
2010,05,65,5957
2010,05,70,6323
2010,05,75,6510
2010,05,80,6674
2010,05,85,5114
2010,05,90,2159
2010,05,95,583
2010,05,100,82
2010,06,1,25
2010,06,5,35
2010,06,10,55
2010,06,15,57
2010,06,20,86
2010,06,25,114
2010,06,30,169
2010,06,35,335
2010,06,40,649
2010,06,45,1409
2010,06,50,2617
2010,06,55,3757
2010,06,60,5131
2010,06,65,5770
2010,06,70,6028
2010,06,75,6340
2010,06,80,6319
2010,06,85,4718
2010,06,90,2187
2010,06,95,601
2010,06,100,75
2010,07,1,28
2010,07,5,47
2010,07,10,39
2010,07,15,51
2010,07,20,81
2010,07,25,110
2010,07,30,182
2010,07,35,319
2010,07,40,640
2010,07,45,1542
2010,07,50,2761
2010,07,55,4012
2010,07,60,5378
2010,07,65,6108
2010,07,70,6098
2010,07,75,6588
2010,07,80,6526
2010,07,85,5006
2010,07,90,2285
2010,07,95,578
2010,07,100,77
2010,08,1,31
2010,08,5,46
2010,08,10,38
2010,08,15,51
2010,08,20,104
2010,08,25,118
2010,08,30,186
2010,08,35,361
2010,08,40,729
2010,08,45,1494
2010,08,50,2799
2010,08,55,3891
2010,08,60,5321
2010,08,65,5982
2010,08,70,6338
2010,08,75,6598
2010,08,80,6566
2010,08,85,4981
2010,08,90,2272
2010,08,95,627
2010,08,100,73
2010,09,1,26
2010,09,5,31
2010,09,10,29
2010,09,15,47
2010,09,20,73
2010,09,25,105
2010,09,30,188
2010,09,35,315
2010,09,40,661
2010,09,45,1446
2010,09,50,2691
2010,09,55,3846
2010,09,60,5066
2010,09,65,5694
2010,09,70,6031
2010,09,75,6309
2010,09,80,6347
2010,09,85,4955
2010,09,90,2211
2010,09,95,589
2010,09,100,92
2010,10,1,21
2010,10,5,41
2010,10,10,34
2010,10,15,40
2010,10,20,89
2010,10,25,112
2010,10,30,179
2010,10,35,322
2010,10,40,640
2010,10,45,1509
2010,10,50,2837
2010,10,55,4040
2010,10,60,5387
2010,10,65,5962
2010,10,70,6296
2010,10,75,6603
2010,10,80,6679
2010,10,85,5157
2010,10,90,2280
2010,10,95,574
2010,10,100,90
2010,11,1,36
2010,11,5,29
2010,11,10,39
2010,11,15,40
2010,11,20,73
2010,11,25,138
2010,11,30,190
2010,11,35,324
2010,11,40,627
2010,11,45,1416
2010,11,50,2637
2010,11,55,3892
2010,11,60,5263
2010,11,65,5841
2010,11,70,6224
2010,11,75,6443
2010,11,80,6415
2010,11,85,4956
2010,11,90,2315
2010,11,95,609
2010,11,100,74
2010,12,1,39
2010,12,5,30
2010,12,10,47
2010,12,15,52
2010,12,20,90
2010,12,25,122
2010,12,30,189
2010,12,35,334
2010,12,40,684
2010,12,45,1475
2010,12,50,2853
2010,12,55,4195
2010,12,60,5384
2010,12,65,6041
2010,12,70,6413
2010,12,75,6779
2010,12,80,6876
2010,12,85,5304
2010,12,90,2386
2010,12,95,660
2010,12,100,77
2011,01,1,26
2011,01,5,41
2011,01,10,34
2011,01,15,62
2011,01,20,81
2011,01,25,117
2011,01,30,216
2011,01,35,331
2011,01,40,639
2011,01,45,1553
2011,01,50,2820
2011,01,55,4143
2011,01,60,5534
2011,01,65,6028
2011,01,70,6466
2011,01,75,6778
2011,01,80,6754
2011,01,85,5365
2011,01,90,2408
2011,01,95,671
2011,01,100,89
2011,02,1,30
2011,02,5,32
2011,02,10,46
2011,02,15,44
2011,02,20,69
2011,02,25,106
2011,02,30,179
2011,02,35,319
2011,02,40,649
2011,02,45,1280
2011,02,50,2569
2011,02,55,3815
2011,02,60,5024
2011,02,65,5510
2011,02,70,5803
2011,02,75,6275
2011,02,80,5968
2011,02,85,4615
2011,02,90,2222
2011,02,95,575
2011,02,100,74
2011,03,1,32
2011,03,5,44
2011,03,10,31
2011,03,15,51
2011,03,20,80
2011,03,25,116
2011,03,30,197
2011,03,35,322
2011,03,40,712
2011,03,45,1433
2011,03,50,2791
2011,03,55,4137
2011,03,60,5421
2011,03,65,6037
2011,03,70,6395
2011,03,75,6693
2011,03,80,6708
2011,03,85,5185
2011,03,90,2374
2011,03,95,589
2011,03,100,75
2011,04,1,28
2011,04,5,35
2011,04,10,28
2011,04,15,56
2011,04,20,81
2011,04,25,110
2011,04,30,176
2011,04,35,291
2011,04,40,637
2011,04,45,1340
2011,04,50,2572
2011,04,55,3806
2011,04,60,5343
2011,04,65,5685
2011,04,70,6017
2011,04,75,6249
2011,04,80,6422
2011,04,85,4824
2011,04,90,2265
2011,04,95,534
2011,04,100,75
2011,05,1,30
2011,05,5,34
2011,05,10,28
2011,05,15,63
2011,05,20,88
2011,05,25,112
2011,05,30,174
2011,05,35,326
2011,05,40,680
2011,05,45,1436
2011,05,50,2655
2011,05,55,4063
2011,05,60,5385
2011,05,65,5893
2011,05,70,6266
2011,05,75,6411
2011,05,80,6531
2011,05,85,4942
2011,05,90,2377
2011,05,95,564
2011,05,100,63
2011,06,1,30
2011,06,5,37
2011,06,10,35
2011,06,15,52
2011,06,20,81
2011,06,25,102
2011,06,30,171
2011,06,35,326
2011,06,40,630
2011,06,45,1356
2011,06,50,2567
2011,06,55,3920
2011,06,60,5263
2011,06,65,5650
2011,06,70,6006
2011,06,75,6277
2011,06,80,6310
2011,06,85,4859
2011,06,90,2296
2011,06,95,586
2011,06,100,68
2011,07,1,30
2011,07,5,37
2011,07,10,38
2011,07,15,52
2011,07,20,87
2011,07,25,102
2011,07,30,179
2011,07,35,335
2011,07,40,594
2011,07,45,1379
2011,07,50,2834
2011,07,55,3958
2011,07,60,5406
2011,07,65,5758
2011,07,70,6340
2011,07,75,6569
2011,07,80,6443
2011,07,85,5019
2011,07,90,2331
2011,07,95,624
2011,07,100,68
2011,08,1,28
2011,08,5,39
2011,08,10,33
2011,08,15,66
2011,08,20,92
2011,08,25,124
2011,08,30,190
2011,08,35,328
2011,08,40,703
2011,08,45,1386
2011,08,50,2813
2011,08,55,3931
2011,08,60,5596
2011,08,65,5960
2011,08,70,6510
2011,08,75,6468
2011,08,80,6619
2011,08,85,4942
2011,08,90,2382
2011,08,95,597
2011,08,100,69
2011,09,1,32
2011,09,5,39
2011,09,10,41
2011,09,15,43
2011,09,20,78
2011,09,25,101
2011,09,30,177
2011,09,35,346
2011,09,40,622
2011,09,45,1344
2011,09,50,2593
2011,09,55,4021
2011,09,60,5403
2011,09,65,5839
2011,09,70,6199
2011,09,75,6352
2011,09,80,6371
2011,09,85,4960
2011,09,90,2328
2011,09,95,580
2011,09,100,69
2011,10,1,27
2011,10,5,37
2011,10,10,37
2011,10,15,60
2011,10,20,75
2011,10,25,115
2011,10,30,171
2011,10,35,376
2011,10,40,657
2011,10,45,1408
2011,10,50,2753
2011,10,55,4013
2011,10,60,5470
2011,10,65,6080
2011,10,70,6366
2011,10,75,6675
2011,10,80,6613
2011,10,85,5122
2011,10,90,2423
2011,10,95,640
2011,10,100,81
2011,11,1,36
2011,11,5,28
2011,11,10,35
2011,11,15,44
2011,11,20,76
2011,11,25,107
2011,11,30,173
2011,11,35,300
2011,11,40,631
2011,11,45,1320
2011,11,50,2568
2011,11,55,3953
2011,11,60,5154
2011,11,65,5959
2011,11,70,6146
2011,11,75,6241
2011,11,80,6437
2011,11,85,4905
2011,11,90,2342
2011,11,95,668
2011,11,100,85
2011,12,1,24
2011,12,5,38
2011,12,10,33
2011,12,15,46
2011,12,20,84
2011,12,25,107
2011,12,30,177
2011,12,35,320
2011,12,40,643
2011,12,45,1400
2011,12,50,2727
2011,12,55,4163
2011,12,60,5650
2011,12,65,6180
2011,12,70,6500
2011,12,75,6520
2011,12,80,6664
2011,12,85,5072
2011,12,90,2483
2011,12,95,602
2011,12,100,78
2012,01,1,41
2012,01,5,45
2012,01,10,38
2012,01,15,46
2012,01,20,78
2012,01,25,126
2012,01,30,197
2012,01,35,327
2012,01,40,667
2012,01,45,1386
2012,01,50,2906
2012,01,55,4180
2012,01,60,5304
2012,01,65,6319
2012,01,70,6620
2012,01,75,6643
2012,01,80,6629
2012,01,85,5065
2012,01,90,2500
2012,01,95,645
2012,01,100,93
2012,02,1,37
2012,02,5,40
2012,02,10,28
2012,02,15,47
2012,02,20,74
2012,02,25,122
2012,02,30,192
2012,02,35,293
2012,02,40,585
2012,02,45,1274
2012,02,50,2586
2012,02,55,3884
2012,02,60,5180
2012,02,65,5796
2012,02,70,6038
2012,02,75,6215
2012,02,80,6123
2012,02,85,4901
2012,02,90,2334
2012,02,95,621
2012,02,100,70
2012,03,1,32
2012,03,5,41
2012,03,10,37
2012,03,15,58
2012,03,20,76
2012,03,25,108
2012,03,30,194
2012,03,35,292
2012,03,40,635
2012,03,45,1377
2012,03,50,2706
2012,03,55,4101
2012,03,60,5417
2012,03,65,6219
2012,03,70,6455
2012,03,75,6519
2012,03,80,6648
2012,03,85,5118
2012,03,90,2373
2012,03,95,639
2012,03,100,75
2012,04,1,34
2012,04,5,38
2012,04,10,49
2012,04,15,60
2012,04,20,75
2012,04,25,108
2012,04,30,188
2012,04,35,296
2012,04,40,604
2012,04,45,1298
2012,04,50,2567
2012,04,55,3884
2012,04,60,5277
2012,04,65,6058
2012,04,70,6115
2012,04,75,6172
2012,04,80,6175
2012,04,85,4973
2012,04,90,2351
2012,04,95,582
2012,04,100,67
2012,05,1,36
2012,05,5,35
2012,05,10,30
2012,05,15,55
2012,05,20,91
2012,05,25,107
2012,05,30,177
2012,05,35,312
2012,05,40,661
2012,05,45,1367
2012,05,50,2658
2012,05,55,4120
2012,05,60,5345
2012,05,65,6151
2012,05,70,6435
2012,05,75,6528
2012,05,80,6425
2012,05,85,5017
2012,05,90,2381
2012,05,95,625
2012,05,100,68
2012,06,1,28
2012,06,5,42
2012,06,10,51
2012,06,15,41
2012,06,20,73
2012,06,25,106
2012,06,30,189
2012,06,35,325
2012,06,40,639
2012,06,45,1304
2012,06,50,2545
2012,06,55,3998
2012,06,60,5170
2012,06,65,6051
2012,06,70,6300
2012,06,75,6265
2012,06,80,6292
2012,06,85,4773
2012,06,90,2310
2012,06,95,609
2012,06,100,76
2012,07,1,29
2012,07,5,42
2012,07,10,36
2012,07,15,52
2012,07,20,81
2012,07,25,125
2012,07,30,201
2012,07,35,320
2012,07,40,619
2012,07,45,1343
2012,07,50,2680
2012,07,55,4007
2012,07,60,5408
2012,07,65,6277
2012,07,70,6352
2012,07,75,6420
2012,07,80,6318
2012,07,85,4984
2012,07,90,2411
2012,07,95,618
2012,07,100,87
2012,08,1,33
2012,08,5,36
2012,08,10,40
2012,08,15,52
2012,08,20,87
2012,08,25,106
2012,08,30,189
2012,08,35,290
2012,08,40,657
2012,08,45,1347
2012,08,50,2716
2012,08,55,4227
2012,08,60,5416
2012,08,65,6389
2012,08,70,6546
2012,08,75,6556
2012,08,80,6497
2012,08,85,5003
2012,08,90,2499
2012,08,95,630
2012,08,100,85
2012,09,1,35
2012,09,5,31
2012,09,10,47
2012,09,15,58
2012,09,20,87
2012,09,25,112
2012,09,30,177
2012,09,35,306
2012,09,40,650
2012,09,45,1324
2012,09,50,2603
2012,09,55,4097
2012,09,60,5297
2012,09,65,6194
2012,09,70,6376
2012,09,75,6241
2012,09,80,6185
2012,09,85,4900
2012,09,90,2380
2012,09,95,622
2012,09,100,71
2012,10,1,37
2012,10,5,29
2012,10,10,35
2012,10,15,52
2012,10,20,68
2012,10,25,130
2012,10,30,181
2012,10,35,328
2012,10,40,650
2012,10,45,1348
2012,10,50,2718
2012,10,55,4173
2012,10,60,5492
2012,10,65,6374
2012,10,70,6573
2012,10,75,6746
2012,10,80,6471
2012,10,85,5105
2012,10,90,2487
2012,10,95,640
2012,10,100,93
2012,11,1,12
2012,11,1,27
2012,11,5,29
2012,11,10,37
2012,11,15,65
2012,11,20,62
2012,11,25,116
2012,11,30,191
2012,11,35,317
2012,11,40,595
2012,11,45,1296
2012,11,50,2642
2012,11,55,4061
2012,11,60,5254
2012,11,65,6226
2012,11,70,6339
2012,11,75,6484
2012,11,80,6282
2012,11,85,5010
2012,11,90,2520
2012,11,95,614
2012,11,100,88
2012,12,1,23
2012,12,5,32
2012,12,10,44
2012,12,15,42
2012,12,20,94
2012,12,25,118
2012,12,30,214
2012,12,35,311
2012,12,40,658
2012,12,45,1350
2012,12,50,2687
2012,12,55,4222
2012,12,60,5616
2012,12,65,6565
2012,12,70,6871
2012,12,75,6754
2012,12,80,6604
2012,12,85,5226
2012,12,90,2550
2012,12,95,678
2012,12,100,99
2013,01,1,29
2013,01,5,44
2013,01,10,29
2013,01,15,54
2013,01,20,79
2013,01,25,116
2013,01,30,200
2013,01,35,279
2013,01,40,682
2013,01,45,1411
2013,01,50,2682
2013,01,55,4226
2013,01,60,5522
2013,01,65,6666
2013,01,70,6984
2013,01,75,6940
2013,01,80,6703
2013,01,85,5506
2013,01,90,2797
2013,01,95,677
2013,01,100,83
2013,02,1,31
2013,02,5,38
2013,02,10,41
2013,02,15,39
2013,02,20,66
2013,02,25,97
2013,02,30,208
2013,02,35,299
2013,02,40,614
2013,02,45,1210
2013,02,50,2434
2013,02,55,3866
2013,02,60,5042
2013,02,65,5882
2013,02,70,6129
2013,02,75,5849
2013,02,80,6004
2013,02,85,4602
2013,02,90,2309
2013,02,95,594
2013,02,100,63
2013,03,1,24
2013,03,5,31
2013,03,10,40
2013,03,15,54
2013,03,20,75
2013,03,25,112
2013,03,30,208
2013,03,35,308
2013,03,40,664
2013,03,45,1325
2013,03,50,2706
2013,03,55,4178
2013,03,60,5497
2013,03,65,6470
2013,03,70,6701
2013,03,75,6661
2013,03,80,6595
2013,03,85,5125
2013,03,90,2481
2013,03,95,642
2013,03,100,75
2013,04,1,25
2013,04,5,34
2013,04,10,40
2013,04,15,47
2013,04,20,70
2013,04,25,117
2013,04,30,189
2013,04,35,321
2013,04,40,629
2013,04,45,1267
2013,04,50,2475
2013,04,55,4062
2013,04,60,5152
2013,04,65,6233
2013,04,70,6533
2013,04,75,6451
2013,04,80,5985
2013,04,85,4864
2013,04,90,2401
2013,04,95,641
2013,04,100,84
2013,05,1,34
2013,05,5,44
2013,05,10,27
2013,05,15,53
2013,05,20,64
2013,05,25,113
2013,05,30,172
2013,05,35,302
2013,05,40,626
2013,05,45,1238
2013,05,50,2534
2013,05,55,4123
2013,05,60,5277
2013,05,65,6341
2013,05,70,6648
2013,05,75,6465
2013,05,80,6371
2013,05,85,4966
2013,05,90,2436
2013,05,95,604
2013,05,100,69
2013,06,1,29
2013,06,5,39
2013,06,10,35
2013,06,15,46
2013,06,20,80
2013,06,25,108
2013,06,30,195
2013,06,35,300
2013,06,40,638
2013,06,45,1241
2013,06,50,2499
2013,06,55,3994
2013,06,60,5191
2013,06,65,6193
2013,06,70,6371
2013,06,75,6179
2013,06,80,6155
2013,06,85,4828
2013,06,90,2334
2013,06,95,645
2013,06,100,84
2013,07,1,25
2013,07,5,36
2013,07,10,37
2013,07,15,54
2013,07,20,78
2013,07,25,122
2013,07,30,226
2013,07,35,336
2013,07,40,596
2013,07,45,1258
2013,07,50,2651
2013,07,55,4132
2013,07,60,5447
2013,07,65,6459
2013,07,70,6642
2013,07,75,6402
2013,07,80,6359
2013,07,85,4992
2013,07,90,2505
2013,07,95,632
2013,07,100,79
2013,08,1,33
2013,08,5,36
2013,08,10,51
2013,08,15,63
2013,08,20,73
2013,08,25,119
2013,08,30,181
2013,08,35,308
2013,08,40,613
2013,08,45,1285
2013,08,50,2700
2013,08,55,4277
2013,08,60,5411
2013,08,65,6331
2013,08,70,6790
2013,08,75,6493
2013,08,80,6385
2013,08,85,4971
2013,08,90,2516
2013,08,95,676
2013,08,100,87
2013,09,1,25
2013,09,5,35
2013,09,10,35
2013,09,15,51
2013,09,20,67
2013,09,25,103
2013,09,30,195
2013,09,35,319
2013,09,40,629
2013,09,45,1259
2013,09,50,2484
2013,09,55,3942
2013,09,60,5281
2013,09,65,6157
2013,09,70,6435
2013,09,75,6325
2013,09,80,6096
2013,09,85,5032
2013,09,90,2488
2013,09,95,642
2013,09,100,78
2013,10,1,22
2013,10,5,33
2013,10,10,36
2013,10,15,49
2013,10,20,76
2013,10,25,121
2013,10,30,180
2013,10,35,336
2013,10,40,640
2013,10,45,1285
2013,10,50,2643
2013,10,55,4206
2013,10,60,5357
2013,10,65,6473
2013,10,70,6890
2013,10,75,6657
2013,10,80,6376
2013,10,85,5165
2013,10,90,2595
2013,10,95,693
2013,10,100,89
2013,11,1,27
2013,11,5,37
2013,11,10,35
2013,11,15,49
2013,11,20,67
2013,11,25,115
2013,11,30,191
2013,11,35,343
2013,11,40,622
2013,11,45,1213
2013,11,50,2531
2013,11,55,4005
2013,11,60,5408
2013,11,65,6308
2013,11,70,6578
2013,11,75,6514
2013,11,80,6121
2013,11,85,4903
2013,11,90,2529
2013,11,95,622
2013,11,100,84
2013,12,1,24
2013,12,5,40
2013,12,10,42
2013,12,15,68
2013,12,20,74
2013,12,25,118
2013,12,30,167
2013,12,35,322
2013,12,40,623
2013,12,45,1264
2013,12,50,2590
2013,12,55,4094
2013,12,60,5634
2013,12,65,6529
2013,12,70,6809
2013,12,75,6665
2013,12,80,6463
2013,12,85,5200
2013,12,90,2589
2013,12,95,647
2013,12,100,68
2014,01,1,28
2014,01,5,43
2014,01,10,28
2014,01,15,56
2014,01,20,84
2014,01,25,133
2014,01,30,198
2014,01,35,303
2014,01,40,615
2014,01,45,1316
2014,01,50,2653
2014,01,55,4425
2014,01,60,5759
2014,01,65,6716
2014,01,70,6854
2014,01,75,6738
2014,01,80,6536
2014,01,85,5166
2014,01,90,2623
2014,01,95,738
2014,01,100,85
2014,02,1,23
2014,02,5,35
2014,02,10,41
2014,02,15,43
2014,02,20,98
2014,02,25,111
2014,02,30,153
2014,02,35,308
2014,02,40,551
2014,02,45,1158
2014,02,50,2407
2014,02,55,3904
2014,02,60,4983
2014,02,65,5942
2014,02,70,6243
2014,02,75,6134
2014,02,80,5702
2014,02,85,4693
2014,02,90,2355
2014,02,95,591
2014,02,100,75
2014,03,1,38
2014,03,5,31
2014,03,10,33
2014,03,15,43
2014,03,20,78
2014,03,25,119
2014,03,30,207
2014,03,35,343
2014,03,40,634
2014,03,45,1315
2014,03,50,2580
2014,03,55,4255
2014,03,60,5592
2014,03,65,6592
2014,03,70,6962
2014,03,75,6864
2014,03,80,6389
2014,03,85,5174
2014,03,90,2643
2014,03,95,660
2014,03,100,88
2014,04,1,31
2014,04,5,26
2014,04,10,42
2014,04,15,46
2014,04,20,65
2014,04,25,123
2014,04,30,194
2014,04,35,300
2014,04,40,671
2014,04,45,1156
2014,04,50,2518
2014,04,55,4056
2014,04,60,5247
2014,04,65,6480
2014,04,70,6582
2014,04,75,6409
2014,04,80,6182
2014,04,85,4874
2014,04,90,2540
2014,04,95,671
2014,04,100,85
2014,05,1,27
2014,05,5,34
2014,05,10,39
2014,05,15,47
2014,05,20,74
2014,05,25,104
2014,05,30,175
2014,05,35,289
2014,05,40,614
2014,05,45,1196
2014,05,50,2501
2014,05,55,4187
2014,05,60,5425
2014,05,65,6575
2014,05,70,6774
2014,05,75,6764
2014,05,80,6177
2014,05,85,5018
2014,05,90,2751
2014,05,95,633
2014,05,100,90
2014,06,1,29
2014,06,5,35
2014,06,10,29
2014,06,15,44
2014,06,20,70
2014,06,25,107
2014,06,30,176
2014,06,35,320
2014,06,40,616
2014,06,45,1246
2014,06,50,2495
2014,06,55,4073
2014,06,60,5251
2014,06,65,6411
2014,06,70,6592
2014,06,75,6465
2014,06,80,6136
2014,06,85,4748
2014,06,90,2519
2014,06,95,665
2014,06,100,70
2014,07,1,14
2014,07,5,32
2014,07,10,40
2014,07,15,57
2014,07,20,65
2014,07,25,108
2014,07,30,197
2014,07,35,299
2014,07,40,561
2014,07,45,1268
2014,07,50,2519
2014,07,55,4193
2014,07,60,5483
2014,07,65,6556
2014,07,70,6858
2014,07,75,6467
2014,07,80,6164
2014,07,85,5049
2014,07,90,2568
2014,07,95,669
2014,07,100,87
2014,08,1,22
2014,08,5,40
2014,08,10,42
2014,08,15,51
2014,08,20,83
2014,08,25,103
2014,08,30,178
2014,08,35,322
2014,08,40,619
2014,08,45,1163
2014,08,50,2567
2014,08,55,4161
2014,08,60,5529
2014,08,65,6335
2014,08,70,6978
2014,08,75,6585
2014,08,80,6298
2014,08,85,5068
2014,08,90,2630
2014,08,95,647
2014,08,100,93
2014,09,1,28
2014,09,5,36
2014,09,10,25
2014,09,15,51
2014,09,20,82
2014,09,25,142
2014,09,30,200
2014,09,35,308
2014,09,40,656
2014,09,45,1182
2014,09,50,2423
2014,09,55,4030
2014,09,60,5319
2014,09,65,6335
2014,09,70,6712
2014,09,75,6433
2014,09,80,6177
2014,09,85,4845
2014,09,90,2632
2014,09,95,627
2014,09,100,80
2014,10,1,35
2014,10,5,43
2014,10,10,32
2014,10,15,64
2014,10,20,78
2014,10,25,112
2014,10,30,189
2014,10,35,337
2014,10,40,657
2014,10,45,1232
2014,10,50,2614
2014,10,55,4301
2014,10,60,5675
2014,10,65,6677
2014,10,70,6917
2014,10,75,6775
2014,10,80,6453
2014,10,85,5171
2014,10,90,2718
2014,10,95,714
2014,10,100,99
2014,11,1,20
2014,11,5,38
2014,11,10,25
2014,11,15,59
2014,11,20,81
2014,11,25,115
2014,11,30,195
2014,11,35,362
2014,11,40,611
2014,11,45,1148
2014,11,50,2511
2014,11,55,4134
2014,11,60,5438
2014,11,65,6520
2014,11,70,6766
2014,11,75,6595
2014,11,80,6155
2014,11,85,5088
2014,11,90,2696
2014,11,95,721
2014,11,100,94
2014,12,1,26
2014,12,5,43
2014,12,10,40
2014,12,15,51
2014,12,20,99
2014,12,25,94
2014,12,30,191
2014,12,35,388
2014,12,40,583
2014,12,45,1139
2014,12,50,2527
2014,12,55,4220
2014,12,60,5642
2014,12,65,6756
2014,12,70,7076
2014,12,75,6944
2014,12,80,6511
2014,12,85,5226
2014,12,90,2748
2014,12,95,686
2014,12,100,113
2015,01,1,26
2015,01,5,35
2015,01,10,33
2015,01,15,64
2015,01,20,84
2015,01,25,119
2015,01,30,211
2015,01,35,345
2015,01,40,648
2015,01,45,1175
2015,01,50,2644
2015,01,55,4362
2015,01,60,5777
2015,01,65,6877
2015,01,70,7232
2015,01,75,6994
2015,01,80,6503
2015,01,85,5405
2015,01,90,2915
2015,01,95,793
2015,01,100,100
2015,02,1,28
2015,02,5,32
2015,02,10,34
2015,02,15,45
2015,02,20,66
2015,02,25,122
2015,02,30,178
2015,02,35,287
2015,02,40,512
2015,02,45,1024
2015,02,50,2341
2015,02,55,3903
2015,02,60,5089
2015,02,65,6210
2015,02,70,6496
2015,02,75,6079
2015,02,80,5773
2015,02,85,4680
2015,02,90,2521
2015,02,95,695
2015,02,100,106
2015,03,1,24
2015,03,5,38
2015,03,10,45
2015,03,15,49
2015,03,20,68
2015,03,25,108
2015,03,30,193
2015,03,35,310
2015,03,40,610
2015,03,45,1231
2015,03,50,2596
2015,03,55,4271
2015,03,60,5717
2015,03,65,6915
2015,03,70,7079
2015,03,75,6799
2015,03,80,6377
2015,03,85,5176
2015,03,90,2767
2015,03,95,723
2015,03,100,87
2015,04,1,31
2015,04,5,37
2015,04,10,30
2015,04,15,36
2015,04,20,61
2015,04,25,99
2015,04,30,197
2015,04,35,317
2015,04,40,585
2015,04,45,1089
2015,04,50,2428
2015,04,55,4074
2015,04,60,5338
2015,04,65,6637
2015,04,70,6815
2015,04,75,6510
2015,04,80,6015
2015,04,85,4867
2015,04,90,2758
2015,04,95,725
2015,04,100,95
2015,05,1,34
2015,05,5,41
2015,05,10,43
2015,05,15,50
2015,05,20,78
2015,05,25,102
2015,05,30,202
2015,05,35,287
2015,05,40,589
2015,05,45,1184
2015,05,50,2487
2015,05,55,4276
2015,05,60,5492
2015,05,65,6684
2015,05,70,7044
2015,05,75,6698
2015,05,80,6206
2015,05,85,5072
2015,05,90,2744
2015,05,95,665
2015,05,100,87
2015,06,1,36
2015,06,5,38
2015,06,10,30
2015,06,15,40
2015,06,20,67
2015,06,25,109
2015,06,30,206
2015,06,35,296
2015,06,40,607
2015,06,45,1166
2015,06,50,2341
2015,06,55,4064
2015,06,60,5372
2015,06,65,6551
2015,06,70,6602
2015,06,75,6400
2015,06,80,5923
2015,06,85,4782
2015,06,90,2626
2015,06,95,688
2015,06,100,102
2015,07,1,35
2015,07,5,33
2015,07,10,40
2015,07,15,53
2015,07,20,69
2015,07,25,100
2015,07,30,187
2015,07,35,340
2015,07,40,581
2015,07,45,1144
2015,07,50,2413
2015,07,55,4209
2015,07,60,5511
2015,07,65,6802
2015,07,70,6989
2015,07,75,6626
2015,07,80,6266
2015,07,85,5183
2015,07,90,2788
2015,07,95,652
2015,07,100,85
2015,08,1,25
2015,08,5,37
2015,08,10,33
2015,08,15,57
2015,08,20,79
2015,08,25,121
2015,08,30,210
2015,08,35,328
2015,08,40,593
2015,08,45,1179
2015,08,50,2429
2015,08,55,4192
2015,08,60,5587
2015,08,65,6848
2015,08,70,7011
2015,08,75,6752
2015,08,80,6232
2015,08,85,5003
2015,08,90,2672
2015,08,95,711
2015,08,100,91
2015,09,1,33
2015,09,5,38
2015,09,10,40
2015,09,15,46
2015,09,20,72
2015,09,25,105
2015,09,30,191
2015,09,35,356
2015,09,40,596
2015,09,45,1171
2015,09,50,2438
2015,09,55,4147
2015,09,60,5431
2015,09,65,6638
2015,09,70,6736
2015,09,75,6377
2015,09,80,6025
2015,09,85,4930
2015,09,90,2624
2015,09,95,742
2015,09,100,95
2015,10,1,24
2015,10,5,30
2015,10,10,39
2015,10,15,45
2015,10,20,85
2015,10,25,107
2015,10,30,200
2015,10,35,347
2015,10,40,591
2015,10,45,1122
2015,10,50,2458
2015,10,55,4276
2015,10,60,5664
2015,10,65,6848
2015,10,70,7232
2015,10,75,6857
2015,10,80,6245
2015,10,85,5182
2015,10,90,2712
2015,10,95,711
2015,10,100,110
2015,11,1,31
2015,11,5,41
2015,11,10,24
2015,11,15,46
2015,11,20,65
2015,11,25,117
2015,11,30,193
2015,11,35,321
2015,11,40,547
2015,11,45,1111
2015,11,50,2356
2015,11,55,4069
2015,11,60,5418
2015,11,65,6634
2015,11,70,6890
2015,11,75,6601
2015,11,80,6057
2015,11,85,4781
2015,11,90,2692
2015,11,95,720
2015,11,100,79
2015,12,1,27
2015,12,5,37
2015,12,10,37
2015,12,15,52
2015,12,20,92
2015,12,25,125
2015,12,30,202
2015,12,35,336
2015,12,40,580
2015,12,45,1173
2015,12,50,2354
2015,12,55,4303
2015,12,60,5580
2015,12,65,7039
2015,12,70,6919
2015,12,75,6732
2015,12,80,6221
2015,12,85,5045
2015,12,90,2807
2015,12,95,707
2015,12,100,92
2016,01,1,24
2016,01,5,40
2016,01,10,46
2016,01,15,57
2016,01,20,60
2016,01,25,126
2016,01,30,204
2016,01,35,365
2016,01,40,624
2016,01,45,1196
2016,01,50,2431
2016,01,55,4355
2016,01,60,5818
2016,01,65,6965
2016,01,70,7063
2016,01,75,6920
2016,01,80,6443
2016,01,85,5368
2016,01,90,2897
2016,01,95,760
2016,01,100,94
2016,02,1,33
2016,02,5,39
2016,02,10,40
2016,02,15,50
2016,02,20,75
2016,02,25,134
2016,02,30,192
2016,02,35,303
2016,02,40,550
2016,02,45,1124
2016,02,50,2273
2016,02,55,4059
2016,02,60,5289
2016,02,65,6692
2016,02,70,6671
2016,02,75,6501
2016,02,80,5954
2016,02,85,4891
2016,02,90,2576
2016,02,95,723
2016,02,100,87
2016,03,1,32
2016,03,5,45
2016,03,10,51
2016,03,15,59
2016,03,20,56
2016,03,25,108
2016,03,30,200
2016,03,35,329
2016,03,40,561
2016,03,45,1259
2016,03,50,2415
2016,03,55,4233
2016,03,60,5918
2016,03,65,7255
2016,03,70,6898
2016,03,75,6847
2016,03,80,6416
2016,03,85,5307
2016,03,90,2722
2016,03,95,755
2016,03,100,94
2016,04,1,37
2016,04,5,40
2016,04,10,24
2016,04,15,49
2016,04,20,65
2016,04,25,113
2016,04,30,203
2016,04,35,343
2016,04,40,571
2016,04,45,1090
2016,04,50,2235
2016,04,55,3972
2016,04,60,5426
2016,04,65,6793
2016,04,70,6728
2016,04,75,6553
2016,04,80,5980
2016,04,85,4901
2016,04,90,2631
2016,04,95,712
2016,04,100,104
2016,05,1,36
2016,05,5,36
2016,05,10,22
2016,05,15,42
2016,05,20,51
2016,05,25,113
2016,05,30,188
2016,05,35,351
2016,05,40,587
2016,05,45,1109
2016,05,50,2284
2016,05,55,4186
2016,05,60,5451
2016,05,65,6978
2016,05,70,6856
2016,05,75,6575
2016,05,80,6203
2016,05,85,5014
2016,05,90,2630
2016,05,95,765
2016,05,100,103
2016,06,1,29
2016,06,5,27
2016,06,10,45
2016,06,15,53
2016,06,20,68
2016,06,25,121
2016,06,30,191
2016,06,35,329
2016,06,40,542
2016,06,45,1104
2016,06,50,2246
2016,06,55,3857
2016,06,60,5501
2016,06,65,6656
2016,06,70,6564
2016,06,75,6325
2016,06,80,5792
2016,06,85,4758
2016,06,90,2600
2016,06,95,684
2016,06,100,89
2016,07,1,31
2016,07,5,41
2016,07,10,32
2016,07,15,39
2016,07,20,63
2016,07,25,106
2016,07,30,196
2016,07,35,344
2016,07,40,567
2016,07,45,1205
2016,07,50,2357
2016,07,55,4118
2016,07,60,5722
2016,07,65,6802
2016,07,70,7010
2016,07,75,6505
2016,07,80,6122
2016,07,85,4894
2016,07,90,2771
2016,07,95,755
2016,07,100,107
2016,08,1,28
2016,08,5,53
2016,08,10,35
2016,08,15,58
2016,08,20,86
2016,08,25,97
2016,08,30,190
2016,08,35,338
2016,08,40,604
2016,08,45,1110
2016,08,50,2301
2016,08,55,4060
2016,08,60,5715
2016,08,65,7109
2016,08,70,7167
2016,08,75,6877
2016,08,80,6163
2016,08,85,5020
2016,08,90,2786
2016,08,95,711
2016,08,100,78
2016,09,1,34
2016,09,5,30
2016,09,10,28
2016,09,15,38
2016,09,20,87
2016,09,25,119
2016,09,30,190
2016,09,35,302
2016,09,40,552
2016,09,45,1156
2016,09,50,2243
2016,09,55,3960
2016,09,60,5460
2016,09,65,6715
2016,09,70,6834
2016,09,75,6749
2016,09,80,5845
2016,09,85,4903
2016,09,90,2598
2016,09,95,726
2016,09,100,110
2016,10,1,10
2016,10,1,26
2016,10,5,33
2016,10,10,44
2016,10,15,53
2016,10,20,70
2016,10,25,122
2016,10,30,235
2016,10,35,350
2016,10,40,537
2016,10,45,1110
2016,10,50,2386
2016,10,55,4198
2016,10,60,5667
2016,10,65,6932
2016,10,70,6985
2016,10,75,6992
2016,10,80,6274
2016,10,85,5064
2016,10,90,2809
2016,10,95,814
2016,10,100,102
2016,11,1,38
2016,11,5,28
2016,11,10,25
2016,11,15,48
2016,11,20,80
2016,11,25,108
2016,11,30,223
2016,11,35,354
2016,11,40,559
2016,11,45,1126
2016,11,50,2164
2016,11,55,3986
2016,11,60,5491
2016,11,65,6784
2016,11,70,6835
2016,11,75,6622
2016,11,80,6082
2016,11,85,5114
2016,11,90,2710
2016,11,95,789
2016,11,100,115
2016,12,1,29
2016,12,5,37
2016,12,10,39
2016,12,15,50
2016,12,20,74
2016,12,25,115
2016,12,30,197
2016,12,35,363
2016,12,40,578
2016,12,45,1126
2016,12,50,2241
2016,12,55,4195
2016,12,60,5727
2016,12,65,7064
2016,12,70,7227
2016,12,75,6980
2016,12,80,6241
2016,12,85,5338
2016,12,90,2867
2016,12,95,821
2016,12,100,116
2017,01,1,24
2017,01,5,30
2017,01,10,33
2017,01,15,61
2017,01,20,74
2017,01,25,114
2017,01,30,217
2017,01,35,385
2017,01,40,631
2017,01,45,1143
2017,01,50,2329
2017,01,55,4195
2017,01,60,5763
2017,01,65,7036
2017,01,70,7290
2017,01,75,7158
2017,01,80,6424
2017,01,85,5300
2017,01,90,2905
2017,01,95,884
2017,01,100,115
2017,02,1,26
2017,02,5,34
2017,02,10,40
2017,02,15,36
2017,02,20,56
2017,02,25,91
2017,02,30,162
2017,02,35,286
2017,02,40,476
2017,02,45,1020
2017,02,50,2024
2017,02,55,3787
2017,02,60,5188
2017,02,65,6330
2017,02,70,6675
2017,02,75,6360
2017,02,80,5735
2017,02,85,4721
2017,02,90,2621
2017,02,95,748
2017,02,100,110
2017,03,1,32
2017,03,5,31
2017,03,10,37
2017,03,15,42
2017,03,20,71
2017,03,25,113
2017,03,30,184
2017,03,35,349
2017,03,40,610
2017,03,45,1061
2017,03,50,2268
2017,03,55,3950
2017,03,60,5736
2017,03,65,7040
2017,03,70,7328
2017,03,75,6865
2017,03,80,6318
2017,03,85,5004
2017,03,90,2844
2017,03,95,781
2017,03,100,118
2017,04,1,24
2017,04,5,39
2017,04,10,42
2017,04,15,40
2017,04,20,75
2017,04,25,117
2017,04,30,161
2017,04,35,338
2017,04,40,582
2017,04,45,1062
2017,04,50,2112
2017,04,55,3908
2017,04,60,5387
2017,04,65,6711
2017,04,70,7153
2017,04,75,6824
2017,04,80,6074
2017,04,85,4870
2017,04,90,2668
2017,04,95,764
2017,04,100,100
2017,05,1,24
2017,05,5,46
2017,05,10,36
2017,05,15,51
2017,05,20,74
2017,05,25,118
2017,05,30,202
2017,05,35,353
2017,05,40,605
2017,05,45,1038
2017,05,50,2202
2017,05,55,4094
2017,05,60,5542
2017,05,65,6785
2017,05,70,7173
2017,05,75,6819
2017,05,80,6146
2017,05,85,4882
2017,05,90,2717
2017,05,95,808
2017,05,100,94
2017,06,1,21
2017,06,5,27
2017,06,10,31
2017,06,15,52
2017,06,20,73
2017,06,25,109
2017,06,30,204
2017,06,35,333
2017,06,40,546
2017,06,45,1083
2017,06,50,2112
2017,06,55,4026
2017,06,60,5502
2017,06,65,6565
2017,06,70,7005
2017,06,75,6602
2017,06,80,5919
2017,06,85,4823
2017,06,90,2601
2017,06,95,718
2017,06,100,76
2017,07,1,28
2017,07,5,43
2017,07,10,42
2017,07,15,38
2017,07,20,63
2017,07,25,106
2017,07,30,189
2017,07,35,358
2017,07,40,519
2017,07,45,1186
2017,07,50,2178
2017,07,55,3925
2017,07,60,5621
2017,07,65,7070
2017,07,70,7538
2017,07,75,6884
2017,07,80,6106
2017,07,85,4965
2017,07,90,2698
2017,07,95,801
2017,07,100,79
2017,08,1,43
2017,08,5,29
2017,08,10,24
2017,08,15,60
2017,08,20,55
2017,08,25,102
2017,08,30,206
2017,08,35,324
2017,08,40,532
2017,08,45,1167
2017,08,50,2222
2017,08,55,4082
2017,08,60,5617
2017,08,65,6873
2017,08,70,7243
2017,08,75,6790
2017,08,80,6354
2017,08,85,5028
2017,08,90,2748
2017,08,95,771
2017,08,100,80
2017,09,1,18
2017,09,5,42
2017,09,10,36
2017,09,15,40
2017,09,20,58
2017,09,25,107
2017,09,30,181
2017,09,35,331
2017,09,40,541
2017,09,45,1102
2017,09,50,2161
2017,09,55,3868
2017,09,60,5550
2017,09,65,6627
2017,09,70,7253
2017,09,75,6578
2017,09,80,6039
2017,09,85,4897
2017,09,90,2682
2017,09,95,780
2017,09,100,93
2017,10,1,31
2017,10,5,36
2017,10,10,32
2017,10,15,54
2017,10,20,74
2017,10,25,98
2017,10,30,181
2017,10,35,345
2017,10,40,583
2017,10,45,1071
2017,10,50,2176
2017,10,55,3922
2017,10,60,5862
2017,10,65,6848
2017,10,70,7430
2017,10,75,7137
2017,10,80,6331
2017,10,85,5082
2017,10,90,2916
2017,10,95,823
2017,10,100,89
2017,11,1,27
2017,11,5,29
2017,11,10,42
2017,11,15,53
2017,11,20,68
2017,11,25,109
2017,11,30,214
2017,11,35,344
2017,11,40,566
2017,11,45,1082
2017,11,50,2142
2017,11,55,3868
2017,11,60,5602
2017,11,65,6692
2017,11,70,7209
2017,11,75,6676
2017,11,80,6102
2017,11,85,4950
2017,11,90,2756
2017,11,95,817
2017,11,100,99
2017,12,1,27
2017,12,5,32
2017,12,10,42
2017,12,15,33
2017,12,20,73
2017,12,25,117
2017,12,30,214
2017,12,35,358
2017,12,40,605
2017,12,45,1093
2017,12,50,2232
2017,12,55,4021
2017,12,60,5794
2017,12,65,7029
2017,12,70,7555
2017,12,75,7262
2017,12,80,6414
2017,12,85,5155
2017,12,90,2992
2017,12,95,823
2017,12,100,125
2018,01,1,31
2018,01,5,34
2018,01,10,45
2018,01,15,48
2018,01,20,68
2018,01,25,110
2018,01,30,210
2018,01,35,352
2018,01,40,577
2018,01,45,1113
2018,01,50,2188
2018,01,55,4131
2018,01,60,5862
2018,01,65,7103
2018,01,70,7700
2018,01,75,7360
2018,01,80,6599
2018,01,85,5335
2018,01,90,2993
2018,01,95,889
2018,01,100,121
2018,02,1,29
2018,02,5,31
2018,02,10,28
2018,02,15,41
2018,02,20,59
2018,02,25,112
2018,02,30,190
2018,02,35,339
2018,02,40,476
2018,02,45,1042
2018,02,50,1866
2018,02,55,3738
2018,02,60,5094
2018,02,65,6226
2018,02,70,6761
2018,02,75,6674
2018,02,80,5799
2018,02,85,4548
2018,02,90,2503
2018,02,95,784
2018,02,100,105
2018,03,1,32
2018,03,5,29
2018,03,10,38
2018,03,15,48
2018,03,20,50
2018,03,25,100
2018,03,30,210
2018,03,35,344
2018,03,40,531
2018,03,45,1009
2018,03,50,2041
2018,03,55,3949
2018,03,60,5796
2018,03,65,6862
2018,03,70,7454
2018,03,75,7117
2018,03,80,6336
2018,03,85,5069
2018,03,90,2750
2018,03,95,826
2018,03,100,93
2018,04,1,18
2018,04,5,35
2018,04,10,46
2018,04,15,46
2018,04,20,76
2018,04,25,96
2018,04,30,207
2018,04,35,349
2018,04,40,551
2018,04,45,986
2018,04,50,2006
2018,04,55,3850
2018,04,60,5643
2018,04,65,6638
2018,04,70,7220
2018,04,75,6655
2018,04,80,5983
2018,04,85,4861
2018,04,90,2642
2018,04,95,796
2018,04,100,79
2018,05,1,27
2018,05,5,47
2018,05,10,34
2018,05,15,65
2018,05,20,52
2018,05,25,100
2018,05,30,200
2018,05,35,338
2018,05,40,523
2018,05,45,1141
2018,05,50,1987
2018,05,55,3850
2018,05,60,5603
2018,05,65,6742
2018,05,70,7318
2018,05,75,6946
2018,05,80,6204
2018,05,85,4789
2018,05,90,2712
2018,05,95,818
2018,05,100,83
2018,06,1,31
2018,06,5,25
2018,06,10,28
2018,06,15,50
2018,06,20,52
2018,06,25,107
2018,06,30,175
2018,06,35,341
2018,06,40,527
2018,06,45,1046
2018,06,50,2001
2018,06,55,3764
2018,06,60,5589
2018,06,65,6495
2018,06,70,7086
2018,06,75,6646
2018,06,80,5954
2018,06,85,4790
2018,06,90,2752
2018,06,95,783
2018,06,100,96
2018,07,1,26
2018,07,5,33
2018,07,10,29
2018,07,15,58
2018,07,20,62
2018,07,25,102
2018,07,30,227
2018,07,35,338
2018,07,40,547
2018,07,45,1127
2018,07,50,2068
2018,07,55,3871
2018,07,60,5658
2018,07,65,6747
2018,07,70,7353
2018,07,75,7040
2018,07,80,6114
2018,07,85,4881
2018,07,90,2662
2018,07,95,822
2018,07,100,99
2018,08,1,18
2018,08,5,31
2018,08,10,37
2018,08,15,48
2018,08,20,62
2018,08,25,108
2018,08,30,212
2018,08,35,337
2018,08,40,564
2018,08,45,1108
2018,08,50,2076
2018,08,55,3983
2018,08,60,5719
2018,08,65,6807
2018,08,70,7568
2018,08,75,7172
2018,08,80,6134
2018,08,85,4877
2018,08,90,2749
2018,08,95,861
2018,08,100,108
2018,09,1,29
2018,09,5,35
2018,09,10,44
2018,09,15,51
2018,09,20,58
2018,09,25,117
2018,09,30,164
2018,09,35,345
2018,09,40,530
2018,09,45,1060
2018,09,50,1991
2018,09,55,3763
2018,09,60,5457
2018,09,65,6594
2018,09,70,7215
2018,09,75,6969
2018,09,80,6117
2018,09,85,4879
2018,09,90,2696
2018,09,95,789
2018,09,100,106
2018,10,1,28
2018,10,5,31
2018,10,10,33
2018,10,15,58
2018,10,20,58
2018,10,25,119
2018,10,30,207
2018,10,35,354
2018,10,40,569
2018,10,45,1127
2018,10,50,2069
2018,10,55,3935
2018,10,60,5673
2018,10,65,6914
2018,10,70,7710
2018,10,75,7415
2018,10,80,6456
2018,10,85,5047
2018,10,90,2860
2018,10,95,862
2018,10,100,101
2018,11,1,29
2018,11,5,25
2018,11,10,42
2018,11,15,55
2018,11,20,79
2018,11,25,115
2018,11,30,174
2018,11,35,348
2018,11,40,552
2018,11,45,1062
2018,11,50,1998
2018,11,55,3714
2018,11,60,5540
2018,11,65,6619
2018,11,70,7443
2018,11,75,7104
2018,11,80,6217
2018,11,85,4989
2018,11,90,2774
2018,11,95,827
2018,11,100,116
2018,12,1,28
2018,12,5,37
2018,12,10,46
2018,12,15,53
2018,12,20,74
2018,12,25,111
2018,12,30,211
2018,12,35,368
2018,12,40,540
2018,12,45,1087
2018,12,50,2102
2018,12,55,4055
2018,12,60,5710
2018,12,65,6844
2018,12,70,7637
2018,12,75,7242
2018,12,80,6541
2018,12,85,5050
2018,12,90,2866
2018,12,95,880
2018,12,100,134
2019,01,1,19
2019,01,5,34
2019,01,10,34
2019,01,15,46
2019,01,20,73
2019,01,25,97
2019,01,30,168
2019,01,35,372
2019,01,40,576
2019,01,45,1126
2019,01,50,2025
2019,01,55,3919
2019,01,60,5927
2019,01,65,6979
2019,01,70,7724
2019,01,75,7438
2019,01,80,6550
2019,01,85,5055
2019,01,90,2962
2019,01,95,839
2019,01,100,121
2019,02,1,32
2019,02,5,31
2019,02,10,26
2019,02,15,57
2019,02,20,55
2019,02,25,126
2019,02,30,142
2019,02,35,319
2019,02,40,506
2019,02,45,1041
2019,02,50,1761
2019,02,55,3466
2019,02,60,5219
2019,02,65,6280
2019,02,70,7181
2019,02,75,6611
2019,02,80,5840
2019,02,85,4575
2019,02,90,2605
2019,02,95,759
2019,02,100,101
2019,03,1,24
2019,03,5,37
2019,03,10,19
2019,03,15,59
2019,03,20,67
2019,03,25,115
2019,03,30,208
2019,03,35,326
2019,03,40,572
2019,03,45,1061
2019,03,50,2004
2019,03,55,3787
2019,03,60,5784
2019,03,65,6937
2019,03,70,7701
2019,03,75,7397
2019,03,80,6336
2019,03,85,5131
2019,03,90,2919
2019,03,95,858
2019,03,100,103
2019,04,1,23
2019,04,5,27
2019,04,10,32
2019,04,15,46
2019,04,20,64
2019,04,25,115
2019,04,30,202
2019,04,35,344
2019,04,40,525
2019,04,45,1092
2019,04,50,1864
2019,04,55,3601
2019,04,60,5471
2019,04,65,6598
2019,04,70,7051
2019,04,75,6931
2019,04,80,6217
2019,04,85,4674
2019,04,90,2616
2019,04,95,876
2019,04,100,121
2019,05,1,31
2019,05,5,31
2019,05,10,39
2019,05,15,46
2019,05,20,63
2019,05,25,99
2019,05,30,196
2019,05,35,368
2019,05,40,550
2019,05,45,1092
2019,05,50,1988
2019,05,55,3790
2019,05,60,5750
2019,05,65,6925
2019,05,70,7483
2019,05,75,7316
2019,05,80,6243
2019,05,85,4835
2019,05,90,2781
2019,05,95,880
2019,05,100,113
2019,06,1,26
2019,06,5,34
2019,06,10,43
2019,06,15,48
2019,06,20,73
2019,06,25,102
2019,06,30,188
2019,06,35,336
2019,06,40,559
2019,06,45,993
2019,06,50,1914
2019,06,55,3681
2019,06,60,5536
2019,06,65,6519
2019,06,70,7273
2019,06,75,6995
2019,06,80,5937
2019,06,85,4753
2019,06,90,2651
2019,06,95,846
2019,06,100,105
2019,07,1,21
2019,07,5,33
2019,07,10,43
2019,07,15,48
2019,07,20,62
2019,07,25,114
2019,07,30,183
2019,07,35,325
2019,07,40,519
2019,07,45,1054
2019,07,50,1986
2019,07,55,3876
2019,07,60,5626
2019,07,65,6886
2019,07,70,7519
2019,07,75,6956
2019,07,80,6216
2019,07,85,4886
2019,07,90,2732
2019,07,95,844
2019,07,100,120
2019,08,1,16
2019,08,5,28
2019,08,10,32
2019,08,15,47
2019,08,20,65
2019,08,25,112
2019,08,30,204
2019,08,35,380
2019,08,40,572
2019,08,45,1036
2019,08,50,1877
2019,08,55,3714
2019,08,60,5628
2019,08,65,6855
2019,08,70,7689
2019,08,75,7214
2019,08,80,6351
2019,08,85,4954
2019,08,90,2777
2019,08,95,849
2019,08,100,103
2019,09,1,27
2019,09,5,29
2019,09,10,46
2019,09,15,46
2019,09,20,76
2019,09,25,115
2019,09,30,188
2019,09,35,321
2019,09,40,566
2019,09,45,1016
2019,09,50,1880
2019,09,55,3581
2019,09,60,5387
2019,09,65,6557
2019,09,70,7491
2019,09,75,7094
2019,09,80,6034
2019,09,85,4799
2019,09,90,2756
2019,09,95,827
2019,09,100,103
2019,10,1,27
2019,10,5,28
2019,10,10,29
2019,10,15,51
2019,10,20,60
2019,10,25,105
2019,10,30,180
2019,10,35,346
2019,10,40,556
2019,10,45,990
2019,10,50,1932
2019,10,55,3714
2019,10,60,5782
2019,10,65,6874
2019,10,70,7904
2019,10,75,7458
2019,10,80,6417
2019,10,85,5105
2019,10,90,2936
2019,10,95,892
2019,10,100,108
2019,11,1,22
2019,11,5,29
2019,11,10,30
2019,11,15,44
2019,11,20,69
2019,11,25,130
2019,11,30,195
2019,11,35,339
2019,11,40,534
2019,11,45,1012
2019,11,50,1878
2019,11,55,3565
2019,11,60,5611
2019,11,65,6635
2019,11,70,7487
2019,11,75,7176
2019,11,80,6254
2019,11,85,4876
2019,11,90,2797
2019,11,95,897
2019,11,100,112
2019,12,1,17
2019,12,5,30
2019,12,10,31
2019,12,15,51
2019,12,20,72
2019,12,25,119
2019,12,30,174
2019,12,35,343
2019,12,40,541
2019,12,45,1031
2019,12,50,1934
2019,12,55,3678
2019,12,60,5672
2019,12,65,6822
2019,12,70,7692
2019,12,75,7291
2019,12,80,6367
2019,12,85,5150
2019,12,90,2906
2019,12,95,836
2019,12,100,117
2020,01,1,28
2020,01,5,22
2020,01,10,34
2020,01,15,54
2020,01,20,56
2020,01,25,127
2020,01,30,190
2020,01,35,360
2020,01,40,568
2020,01,45,1070
2020,01,50,1954
2020,01,55,3787
2020,01,60,5891
2020,01,65,7095
2020,01,70,8097
2020,01,75,7604
2020,01,80,6458
2020,01,85,5107
2020,01,90,3009
2020,01,95,912
2020,01,100,121
2020,02,1,34
2020,02,5,27
2020,02,10,52
2020,02,15,39
2020,02,20,61
2020,02,25,108
2020,02,30,198
2020,02,35,328
2020,02,40,552
2020,02,45,991
2020,02,50,1853
2020,02,55,3405
2020,02,60,5452
2020,02,65,6555
2020,02,70,7451
2020,02,75,7187
2020,02,80,6094
2020,02,85,4659
2020,02,90,2681
2020,02,95,854
2020,02,100,109
2020,03,1,22
2020,03,5,38
2020,03,10,33
2020,03,15,50
2020,03,20,66
2020,03,25,99
2020,03,30,180
2020,03,35,352
2020,03,40,560
2020,03,45,1027
2020,03,50,1919
2020,03,55,3656
2020,03,60,5695
2020,03,65,7047
2020,03,70,7941
2020,03,75,7550
2020,03,80,6498
2020,03,85,4955
2020,03,90,2863
2020,03,95,897
2020,03,100,101
2020,04,1,30
2020,04,5,34
2020,04,10,37
2020,04,15,44
2020,04,20,57
2020,04,25,113
2020,04,30,172
2020,04,35,326
2020,04,40,522
2020,04,45,1023
2020,04,50,1927
2020,04,55,3529
2020,04,60,5524
2020,04,65,6637
2020,04,70,7568
2020,04,75,6934
2020,04,80,5983
2020,04,85,4653
2020,04,90,2622
2020,04,95,844
2020,04,100,122
2020,05,1,36
2020,05,5,40
2020,05,10,38
2020,05,15,41
2020,05,20,73
2020,05,25,107
2020,05,30,200
2020,05,35,309
2020,05,40,545
2020,05,45,1021
2020,05,50,1811
2020,05,55,3431
2020,05,60,5648
2020,05,65,6703
2020,05,70,7505
2020,05,75,7194
2020,05,80,6026
2020,05,85,4569
2020,05,90,2704
2020,05,95,824
2020,05,100,127
2020,06,1,26
2020,06,5,40
2020,06,10,26
2020,06,15,42
2020,06,20,62
2020,06,25,114
2020,06,30,211
2020,06,35,306
2020,06,40,547
2020,06,45,952
2020,06,50,1861
2020,06,55,3463
2020,06,60,5263
2020,06,65,6586
2020,06,70,7511
2020,06,75,6990
2020,06,80,6046
2020,06,85,4524
2020,06,90,2505
2020,06,95,740
2020,06,100,88
2020,07,1,24
2020,07,5,33
2020,07,10,33
2020,07,15,50
2020,07,20,54
2020,07,25,108
2020,07,30,188
2020,07,35,352
2020,07,40,563
2020,07,45,1003
2020,07,50,1913
2020,07,55,3666
2020,07,60,5659
2020,07,65,6901
2020,07,70,7884
2020,07,75,7441
2020,07,80,6192
2020,07,85,4830
2020,07,90,2692
2020,07,95,854
2020,07,100,120
2020,08,1,18
2020,08,5,27
2020,08,10,24
2020,08,15,51
2020,08,20,73
2020,08,25,94
2020,08,30,202
2020,08,35,329
2020,08,40,563
2020,08,45,1023
2020,08,50,1884
2020,08,55,3668
2020,08,60,5752
2020,08,65,6976
2020,08,70,7950
2020,08,75,7461
2020,08,80,6388
2020,08,85,4865
2020,08,90,2781
2020,08,95,904
2020,08,100,118
2020,09,1,23
2020,09,5,25
2020,09,10,38
2020,09,15,41
2020,09,20,69
2020,09,25,117
2020,09,30,189
2020,09,35,307
2020,09,40,540
2020,09,45,977
2020,09,50,1809
2020,09,55,3474
2020,09,60,5532
2020,09,65,6634
2020,09,70,7825
2020,09,75,7264
2020,09,80,6249
2020,09,85,4853
2020,09,90,2717
2020,09,95,800
2020,09,100,130
2020,10,1,20
2020,10,5,27
2020,10,10,34
2020,10,15,43
2020,10,20,54
2020,10,25,90
2020,10,30,191
2020,10,35,358
2020,10,40,556
2020,10,45,1043
2020,10,50,1864
2020,10,55,3645
2020,10,60,5697
2020,10,65,7070
2020,10,70,7908
2020,10,75,7460
2020,10,80,6397
2020,10,85,4900
2020,10,90,2822
2020,10,95,894
2020,10,100,122
2020,11,1,20
2020,11,5,39
2020,11,10,24
2020,11,15,47
2020,11,20,69
2020,11,25,75
2020,11,30,179
2020,11,35,341
2020,11,40,617
2020,11,45,988
2020,11,50,1790
2020,11,55,3480
2020,11,60,5487
2020,11,65,6704
2020,11,70,7789
2020,11,75,7190
2020,11,80,6178
2020,11,85,4781
2020,11,90,2800
2020,11,95,872
2020,11,100,119
2020,12,1,26
2020,12,5,30
2020,12,10,37
2020,12,15,47
2020,12,20,63
2020,12,25,128
2020,12,30,193
2020,12,35,316
2020,12,40,613
2020,12,45,1032
2020,12,50,1854
2020,12,55,3604
2020,12,60,5835
2020,12,65,7043
2020,12,70,8084
2020,12,75,7435
2020,12,80,6657
2020,12,85,4914
2020,12,90,2929
2020,12,95,875
2020,12,100,131
2021,01,1,29
2021,01,5,23
2021,01,10,36
2021,01,15,48
2021,01,20,58
2021,01,25,93
2021,01,30,206
2021,01,35,360
2021,01,40,590
2021,01,45,1026
2021,01,50,1919
2021,01,55,3557
2021,01,60,5768
2021,01,65,7092
2021,01,70,7995
2021,01,75,7536
2021,01,80,6310
2021,01,85,5037
2021,01,90,2789
2021,01,95,941
2021,01,100,118
2021,02,1,11
2021,02,1,18
2021,02,5,27
2021,02,10,41
2021,02,15,36
2021,02,20,56
2021,02,25,101
2021,02,30,180
2021,02,35,314
2021,02,40,550
2021,02,45,928
2021,02,50,1678
2021,02,55,3161
2021,02,60,5093
2021,02,65,6367
2021,02,70,7362
2021,02,75,6756
2021,02,80,5611
2021,02,85,4348
2021,02,90,2500
2021,02,95,774
2021,02,100,114
2021,03,1,29
2021,03,5,25
2021,03,10,33
2021,03,15,44
2021,03,20,53
2021,03,25,100
2021,03,30,191
2021,03,35,337
2021,03,40,559
2021,03,45,1028
2021,03,50,1851
2021,03,55,3476
2021,03,60,5597
2021,03,65,6931
2021,03,70,7813
2021,03,75,7273
2021,03,80,6481
2021,03,85,4837
2021,03,90,2672
2021,03,95,830
2021,03,100,101
2021,04,1,17
2021,04,5,29
2021,04,10,33
2021,04,15,48
2021,04,20,59
2021,04,25,101
2021,04,30,184
2021,04,35,318
2021,04,40,592
2021,04,45,961
2021,04,50,1793
2021,04,55,3455
2021,04,60,5399
2021,04,65,6621
2021,04,70,7971
2021,04,75,7232
2021,04,80,6171
2021,04,85,4738
2021,04,90,2582
2021,04,95,797
2021,04,100,124
2021,05,1,26
2021,05,5,35
2021,05,10,37
2021,05,15,43
2021,05,20,83
2021,05,25,102
2021,05,30,175
2021,05,35,342
2021,05,40,537
2021,05,45,944
2021,05,50,1829
2021,05,55,3533
2021,05,60,5727
2021,05,65,7021
2021,05,70,8049
2021,05,75,7265
2021,05,80,6363
2021,05,85,4743
2021,05,90,2697
2021,05,95,838
2021,05,100,114
2021,06,1,27
2021,06,5,27
2021,06,10,38
2021,06,15,53
2021,06,20,60
2021,06,25,119
2021,06,30,190
2021,06,35,352
2021,06,40,560
2021,06,45,947
2021,06,50,1802
2021,06,55,3335
2021,06,60,5522
2021,06,65,6850
2021,06,70,7671
2021,06,75,7145
2021,06,80,6145
2021,06,85,4774
2021,06,90,2634
2021,06,95,811
2021,06,100,124
2021,07,1,23
2021,07,5,31
2021,07,10,41
2021,07,15,58
2021,07,20,62
2021,07,25,98
2021,07,30,210
2021,07,35,358
2021,07,40,598
2021,07,45,969
2021,07,50,1827
2021,07,55,3476
2021,07,60,5603
2021,07,65,7045
2021,07,70,8157
2021,07,75,7531
2021,07,80,6466
2021,07,85,4832
2021,07,90,2876
2021,07,95,844
2021,07,100,104
2021,08,1,17
2021,08,5,44
2021,08,10,33
2021,08,15,64
2021,08,20,54
2021,08,25,113
2021,08,30,202
2021,08,35,353
2021,08,40,626
2021,08,45,952
2021,08,50,1849
2021,08,55,3574
2021,08,60,5809
2021,08,65,7214
2021,08,70,8339
2021,08,75,7650
2021,08,80,6531
2021,08,85,4965
2021,08,90,2875
2021,08,95,906
2021,08,100,114
2021,09,1,30
2021,09,5,26
2021,09,10,38
2021,09,15,54
2021,09,20,66
2021,09,25,106
2021,09,30,203
2021,09,35,354
2021,09,40,625
2021,09,45,974
2021,09,50,1790
2021,09,55,3273
2021,09,60,5529
2021,09,65,6826
2021,09,70,7950
2021,09,75,7406
2021,09,80,6443
2021,09,85,4770
2021,09,90,2772
2021,09,95,868
2021,09,100,121
2021,10,1,21
2021,10,5,24
2021,10,10,44
2021,10,15,47
2021,10,20,57
2021,10,25,117
2021,10,30,192
2021,10,35,334
2021,10,40,606
2021,10,45,1041
2021,10,50,1847
2021,10,55,3499
2021,10,60,5668
2021,10,65,7199
2021,10,70,8315
2021,10,75,7608
2021,10,80,6419
2021,10,85,5119
2021,10,90,2885
2021,10,95,878
2021,10,100,121
2021,11,1,25
2021,11,5,28
2021,11,10,38
2021,11,15,48
2021,11,20,68
2021,11,25,108
2021,11,30,221
2021,11,35,342
2021,11,40,602
2021,11,45,964
2021,11,50,1677
2021,11,55,3309
2021,11,60,5585
2021,11,65,6907
2021,11,70,7907
2021,11,75,7619
2021,11,80,6438
2021,11,85,4707
2021,11,90,2636
2021,11,95,905
2021,11,100,132
2021,12,1,20
2021,12,5,28
2021,12,10,37
2021,12,15,49
2021,12,20,55
2021,12,25,109
2021,12,30,194
2021,12,35,347
2021,12,40,638
2021,12,45,1032
2021,12,50,1939
2021,12,55,3372
2021,12,60,5703
2021,12,65,7220
2021,12,70,8323
2021,12,75,7789
2021,12,80,6662
2021,12,85,4971
2021,12,90,2824
2021,12,95,965
2021,12,100,132
2022,01,1,26
2022,01,5,27
2022,01,10,40
2022,01,15,56
2022,01,20,83
2022,01,25,121
2022,01,30,225
2022,01,35,389
2022,01,40,634
2022,01,45,974
2022,01,50,1886
2022,01,55,3563
2022,01,60,5757
2022,01,65,7280
2022,01,70,8271
2022,01,75,7919
2022,01,80,6726
2022,01,85,5204
2022,01,90,2934
2022,01,95,890
2022,01,100,126
2022,02,1,17
2022,02,5,31
2022,02,10,35
2022,02,15,39
2022,02,20,72
2022,02,25,85
2022,02,30,142
2022,02,35,360
2022,02,40,506
2022,02,45,831
2022,02,50,1668
2022,02,55,3038
2022,02,60,5058
2022,02,65,6390
2022,02,70,7198
2022,02,75,7180
2022,02,80,5913
2022,02,85,4465
2022,02,90,2456
2022,02,95,773
2022,02,100,94
2022,03,1,19
2022,03,5,29
2022,03,10,40
2022,03,15,58
2022,03,20,66
2022,03,25,108
2022,03,30,222
2022,03,35,376
2022,03,40,588
2022,03,45,955
2022,03,50,1793
2022,03,55,3404
2022,03,60,5640
2022,03,65,6977
2022,03,70,8023
2022,03,75,7633
2022,03,80,6492
2022,03,85,4887
2022,03,90,2713
2022,03,95,828
2022,03,100,120
2022,04,1,18
2022,04,5,43
2022,04,10,34
2022,04,15,47
2022,04,20,64
2022,04,25,91
2022,04,30,182
2022,04,35,332
2022,04,40,589
2022,04,45,958
2022,04,50,1747
2022,04,55,3145
2022,04,60,5423
2022,04,65,6710
2022,04,70,7530
2022,04,75,7505
2022,04,80,6275
2022,04,85,4660
2022,04,90,2653
2022,04,95,803
2022,04,100,101
2022,05,1,22
2022,05,5,33
2022,05,10,26
2022,05,15,55
2022,05,20,66
2022,05,25,100
2022,05,30,232
2022,05,35,362
2022,05,40,575
2022,05,45,947
2022,05,50,1849
2022,05,55,3251
2022,05,60,5459
2022,05,65,7088
2022,05,70,7811
2022,05,75,7858
2022,05,80,6437
2022,05,85,4705
2022,05,90,2739
2022,05,95,858
2022,05,100,127
2022,06,1,22
2022,06,5,40
2022,06,10,49
2022,06,15,58
2022,06,20,69
2022,06,25,102
2022,06,30,162
2022,06,35,347
2022,06,40,589
2022,06,45,923
2022,06,50,1770
2022,06,55,3124
2022,06,60,5421
2022,06,65,6836
2022,06,70,7543
2022,06,75,7509
2022,06,80,6269
2022,06,85,4694
2022,06,90,2645
2022,06,95,827
2022,06,100,127
2022,07,1,33
2022,07,5,34
2022,07,10,47
2022,07,15,36
2022,07,20,62
2022,07,25,101
2022,07,30,188
2022,07,35,318
2022,07,40,568
2022,07,45,1004
2022,07,50,1881
2022,07,55,3272
2022,07,60,5628
2022,07,65,7101
2022,07,70,7895
2022,07,75,7855
2022,07,80,6511
2022,07,85,4901
2022,07,90,2693
2022,07,95,866
2022,07,100,113
2022,08,1,25
2022,08,5,30
2022,08,10,39
2022,08,15,54
2022,08,20,67
2022,08,25,105
2022,08,30,202
2022,08,35,340
2022,08,40,573
2022,08,45,998
2022,08,50,1758
2022,08,55,3285
2022,08,60,5600
2022,08,65,7242
2022,08,70,8135
2022,08,75,7954
2022,08,80,6626
2022,08,85,4723
2022,08,90,2739
2022,08,95,902
2022,08,100,114
2022,09,1,19
2022,09,5,42
2022,09,10,36
2022,09,15,58
2022,09,20,59
2022,09,25,111
2022,09,30,200
2022,09,35,341
2022,09,40,556
2022,09,45,974
2022,09,50,1876
2022,09,55,3299
2022,09,60,5338
2022,09,65,7111
2022,09,70,7680
2022,09,75,7823
2022,09,80,6376
2022,09,85,4653
2022,09,90,2731
2022,09,95,848
2022,09,100,118
2022,10,1,19
2022,10,5,27
2022,10,10,23
2022,10,15,49
2022,10,20,63
2022,10,25,112
2022,10,30,196
2022,10,35,345
2022,10,40,581
2022,10,45,964
2022,10,50,1862
2022,10,55,3251
2022,10,60,5572
2022,10,65,7432
2022,10,70,7958
2022,10,75,8157
2022,10,80,6676
2022,10,85,5001
2022,10,90,2799
2022,10,95,824
2022,10,100,118
2022,11,1,23
2022,11,5,25
2022,11,10,29
2022,11,15,64
2022,11,20,57
2022,11,25,113
2022,11,30,213
2022,11,35,324
2022,11,40,609
2022,11,45,984
2022,11,50,1934
2022,11,55,3157
2022,11,60,5453
2022,11,65,7110
2022,11,70,7845
2022,11,75,7927
2022,11,80,6653
2022,11,85,4806
2022,11,90,2687
2022,11,95,887
2022,11,100,124
2022,12,1,23
2022,12,5,32
2022,12,10,44
2022,12,15,57
2022,12,20,62
2022,12,25,126
2022,12,30,202
2022,12,35,357
2022,12,40,618
2022,12,45,996
2022,12,50,1831
2022,12,55,3363
2022,12,60,5632
2022,12,65,7346
2022,12,70,8348
2022,12,75,8242
2022,12,80,7057
2022,12,85,5074
2022,12,90,2892
2022,12,95,887
2022,12,100,128
2023,01,1,22
2023,01,5,32
2023,01,10,38
2023,01,15,51
2023,01,20,79
2023,01,25,110
2023,01,30,204
2023,01,35,316
2023,01,40,610
2023,01,45,1002
2023,01,50,1827
2023,01,55,3349
2023,01,60,5563
2023,01,65,7283
2023,01,70,8094
2023,01,75,8093
2023,01,80,6860
2023,01,85,4966
2023,01,90,2816
2023,01,95,883
2023,01,100,141
2023,02,1,15
2023,02,5,34
2023,02,10,45
2023,02,15,47
2023,02,20,52
2023,02,25,105
2023,02,30,171
2023,02,35,294
2023,02,40,525
2023,02,45,933
2023,02,50,1674
2023,02,55,2983
2023,02,60,5062
2023,02,65,6702
2023,02,70,7335
2023,02,75,7468
2023,02,80,6223
2023,02,85,4436
2023,02,90,2543
2023,02,95,830
2023,02,100,117
2023,03,1,21
2023,03,5,28
2023,03,10,33
2023,03,15,49
2023,03,20,60
2023,03,25,87
2023,03,30,210
2023,03,35,346
2023,03,40,638
2023,03,45,934
2023,03,50,1816
2023,03,55,3135
2023,03,60,5565
2023,03,65,7315
2023,03,70,8141
2023,03,75,8045
2023,03,80,6720
2023,03,85,4875
2023,03,90,2727
2023,03,95,909
2023,03,100,114
2023,04,1,30
2023,04,5,42
2023,04,10,32
2023,04,15,46
2023,04,20,59
2023,04,25,102
2023,04,30,178
2023,04,35,319
2023,04,40,560
2023,04,45,913
2023,04,50,1788
2023,04,55,3086
2023,04,60,5227
2023,04,65,6717
2023,04,70,7781
2023,04,75,7764
2023,04,80,6589
2023,04,85,4731
2023,04,90,2596
2023,04,95,837
2023,04,100,112
2023,05,1,16
2023,05,5,29
2023,05,10,39
2023,05,15,58
2023,05,20,81
2023,05,25,110
2023,05,30,204
2023,05,35,328
2023,05,40,639
2023,05,45,937
2023,05,50,1737
2023,05,55,3123
2023,05,60,5412
2023,05,65,7185
2023,05,70,7969
2023,05,75,8059
2023,05,80,6724
2023,05,85,4830
2023,05,90,2712
2023,05,95,849
2023,05,100,119
2023,06,1,19
2023,06,5,24
2023,06,10,39
2023,06,15,65
2023,06,20,69
2023,06,25,101
2023,06,30,191
2023,06,35,334
2023,06,40,617
2023,06,45,901
2023,06,50,1752
2023,06,55,3025
2023,06,60,5267
2023,06,65,6959
2023,06,70,7679
2023,06,75,7868
2023,06,80,6713
2023,06,85,4705
2023,06,90,2678
2023,06,95,809
2023,06,100,113
2023,07,1,24
2023,07,5,29
2023,07,10,39
2023,07,15,56
2023,07,20,60
2023,07,25,90
2023,07,30,197
2023,07,35,372
2023,07,40,612
2023,07,45,967
2023,07,50,1794
2023,07,55,3186
2023,07,60,5448
2023,07,65,7234
2023,07,70,7989
2023,07,75,7939
2023,07,80,6739
2023,07,85,4943
2023,07,90,2736
2023,07,95,825
2023,07,100,116
2023,08,1,27
2023,08,5,31
2023,08,10,38
2023,08,15,66
2023,08,20,72
2023,08,25,91
2023,08,30,205
2023,08,35,357
2023,08,40,612
2023,08,45,1026
2023,08,50,1833
2023,08,55,3110
2023,08,60,5543
2023,08,65,7269
2023,08,70,8114
2023,08,75,8156
2023,08,80,6920
2023,08,85,4978
2023,08,90,2743
2023,08,95,854
2023,08,100,140
2023,09,1,26
2023,09,5,31
2023,09,10,41
2023,09,15,46
2023,09,20,66
2023,09,25,90
2023,09,30,181
2023,09,35,335
2023,09,40,626
2023,09,45,934
2023,09,50,1716
2023,09,55,3028
2023,09,60,5302
2023,09,65,7035
2023,09,70,7831
2023,09,75,7954
2023,09,80,6755
2023,09,85,4756
2023,09,90,2681
2023,09,95,874
2023,09,100,120
2023,10,1,22
2023,10,5,39
2023,10,10,44
2023,10,15,62
2023,10,20,66
2023,10,25,94
2023,10,30,210
2023,10,35,336
2023,10,40,642
2023,10,45,1004
2023,10,50,1819
2023,10,55,3053
2023,10,60,5423
2023,10,65,7333
2023,10,70,8063
2023,10,75,8389
2023,10,80,7242
2023,10,85,5068
2023,10,90,2780
2023,10,95,951
2023,10,100,134
2023,11,1,21
2023,11,5,28
2023,11,10,41
2023,11,15,56
2023,11,20,75
2023,11,25,94
2023,11,30,172
2023,11,35,335
2023,11,40,582
2023,11,45,1019
2023,11,50,1735
2023,11,55,2971
2023,11,60,5219
2023,11,65,7048
2023,11,70,7846
2023,11,75,7968
2023,11,80,6815
2023,11,85,4881
2023,11,90,2766
2023,11,95,860
2023,11,100,131
2023,12,1,26
2023,12,5,40
2023,12,10,34
2023,12,15,61
2023,12,20,61
2023,12,25,106
2023,12,30,200
2023,12,35,341
2023,12,40,615
2023,12,45,1002
2023,12,50,1804
2023,12,55,3207
2023,12,60,5427
2023,12,65,7462
2023,12,70,8306
2023,12,75,8508
2023,12,80,7305
2023,12,85,5110
2023,12,90,2934
2023,12,95,868
2023,12,100,142
2024,01,1,29
2024,01,5,39
2024,01,10,43
2024,01,15,55
2024,01,20,72
2024,01,25,112
2024,01,30,207
2024,01,35,363
2024,01,40,634
2024,01,45,966
2024,01,50,1851
2024,01,55,3126
2024,01,60,5541
2024,01,65,7377
2024,01,70,8096
2024,01,75,8400
2024,01,80,7146
2024,01,85,5176
2024,01,90,2931
2024,01,95,933
2024,01,100,159
2024,02,1,31
2024,02,5,24
2024,02,10,39
2024,02,15,51
2024,02,20,69
2024,02,25,110
2024,02,30,168
2024,02,35,324
2024,02,40,560
2024,02,45,914
2024,02,50,1734
2024,02,55,2955
2024,02,60,5172
2024,02,65,6773
2024,02,70,7643
2024,02,75,7837
2024,02,80,6787
2024,02,85,4798
2024,02,90,2574
2024,02,95,814
2024,02,100,146
2024,03,1,23
2024,03,5,35
2024,03,10,41
2024,03,15,50
2024,03,20,64
2024,03,25,97
2024,03,30,203
2024,03,35,331
2024,03,40,615
2024,03,45,1008
2024,03,50,1815
2024,03,55,3071
2024,03,60,5347
2024,03,65,7219
2024,03,70,8090
2024,03,75,8207
2024,03,80,7069
2024,03,85,5200
2024,03,90,2730
2024,03,95,897
2024,03,100,119
2024,04,1,30
2024,04,5,28
2024,04,10,35
2024,04,15,55
2024,04,20,58
2024,04,25,103
2024,04,30,214
2024,04,35,365
2024,04,40,559
2024,04,45,969
2024,04,50,1690
2024,04,55,2781
2024,04,60,5018
2024,04,65,6896
2024,04,70,7677
2024,04,75,8069
2024,04,80,6883
2024,04,85,4854
2024,04,90,2792
2024,04,95,915
2024,04,100,128
2024,05,1,25
2024,05,5,27
2024,05,10,38
2024,05,15,58
2024,05,20,57
2024,05,25,100
2024,05,30,221
2024,05,35,366
2024,05,40,619
2024,05,45,1009
2024,05,50,1672
2024,05,55,2979
2024,05,60,5132
2024,05,65,7161
2024,05,70,7955
2024,05,75,8228
2024,05,80,7042
2024,05,85,4986
2024,05,90,2669
2024,05,95,875
2024,05,100,124
2024,06,1,20
2024,06,5,40
2024,06,10,31
2024,06,15,50
2024,06,20,55
2024,06,25,78
2024,06,30,204
2024,06,35,346
2024,06,40,583
2024,06,45,929
2024,06,50,1670
2024,06,55,2926
2024,06,60,5111
2024,06,65,6999
2024,06,70,7638
2024,06,75,8021
2024,06,80,6643
2024,06,85,4907
2024,06,90,2723
2024,06,95,868
2024,06,100,129
2024,07,1,21
2024,07,5,42
2024,07,10,38
2024,07,15,58
2024,07,20,85
2024,07,25,109
2024,07,30,220
2024,07,35,380
2024,07,40,629
2024,07,45,1022
2024,07,50,1719
2024,07,55,2982
2024,07,60,5340
2024,07,65,7371
2024,07,70,8100
2024,07,75,8357
2024,07,80,7143
2024,07,85,5050
2024,07,90,2654
2024,07,95,856
2024,07,100,117
2024,08,1,16
2024,08,5,31
2024,08,10,43
2024,08,15,49
2024,08,20,76
2024,08,25,115
2024,08,30,210
2024,08,35,332
2024,08,40,691
2024,08,45,964
2024,08,50,1778
2024,08,55,3090
2024,08,60,5420
2024,08,65,7230
2024,08,70,8158
2024,08,75,8495
2024,08,80,7084
2024,08,85,5208
2024,08,90,2709
2024,08,95,889
2024,08,100,139
2024,09,1,22
2024,09,5,35
2024,09,10,40
2024,09,15,49
2024,09,20,68
2024,09,25,107
2024,09,30,195
2024,09,35,362
2024,09,40,613
2024,09,45,983
2024,09,50,1601
2024,09,55,2914
2024,09,60,5120
2024,09,65,7026
2024,09,70,7881
2024,09,75,8123
2024,09,80,6901
2024,09,85,5123
2024,09,90,2749
2024,09,95,863
2024,09,100,118
2024,10,1,17
2024,10,5,40
2024,10,10,31
2024,10,15,51
2024,10,20,52
2024,10,25,89
2024,10,30,198
2024,10,35,339
2024,10,40,631
2024,10,45,970
2024,10,50,1720
2024,10,55,2921
2024,10,60,5343
2024,10,65,7137
2024,10,70,8160
2024,10,75,8478
2024,10,80,7285
2024,10,85,5190
2024,10,90,2755
2024,10,95,952
2024,10,100,125
2024,11,1,20
2024,11,5,29
2024,11,10,35
2024,11,15,58
2024,11,20,61
2024,11,25,120
2024,11,30,187
2024,11,35,337
2024,11,40,603
2024,11,45,943
2024,11,50,1709
2024,11,55,2920
2024,11,60,5118
2024,11,65,7152
2024,11,70,7963
2024,11,75,8297
2024,11,80,7035
2024,11,85,4936
2024,11,90,2697
2024,11,95,848
2024,11,100,139
2024,12,1,24
2024,12,5,30
2024,12,10,32
2024,12,15,49
2024,12,20,71
2024,12,25,90
2024,12,30,202
2024,12,35,367
2024,12,40,634
2024,12,45,1027
2024,12,50,1788
2024,12,55,3012
2024,12,60,5253
2024,12,65,7418
2024,12,70,8220
2024,12,75,8701
2024,12,80,7431
2024,12,85,5362
2024,12,90,2950
2024,12,95,972
2024,12,100,147
2025,01,1,21
2025,01,5,35
2025,01,10,36
2025,01,15,48
2025,01,20,71
2025,01,25,128
2025,01,30,173
2025,01,35,385
2025,01,40,670
2025,01,45,1026
2025,01,50,1786
2025,01,55,3004
2025,01,60,5484
2025,01,65,7556
2025,01,70,8514
2025,01,75,8948
2025,01,80,7613
2025,01,85,5347
2025,01,90,2972
2025,01,95,930
2025,01,100,146
2025,02,1,18
2025,02,5,34
2025,02,10,38
2025,02,15,35
2025,02,20,56
2025,02,25,81
2025,02,30,177
2025,02,35,324
2025,02,40,612
2025,02,45,974
2025,02,50,1613
2025,02,55,2714
2025,02,60,4936
2025,02,65,6720
2025,02,70,7635
2025,02,75,8013
2025,02,80,6783
2025,02,85,4811
2025,02,90,2622
2025,02,95,865
2025,02,100,116
2025,03,1,26
2025,03,5,29
2025,03,10,34
2025,03,15,46
2025,03,20,69
2025,03,25,109
2025,03,30,212
2025,03,35,337
2025,03,40,632
2025,03,45,1003
2025,03,50,1775
2025,03,55,2774
2025,03,60,5281
2025,03,65,7329
2025,03,70,8420
2025,03,75,8520
2025,03,80,7432
2025,03,85,5272
2025,03,90,2778
2025,03,95,913
2025,03,100,156
2025,04,1,22
2025,04,5,28
2025,04,10,30
2025,04,15,33
2025,04,20,56
2025,04,25,94
2025,04,30,192
2025,04,35,366
2025,04,40,550
2025,04,45,954
2025,04,50,1636
2025,04,55,2806
2025,04,60,4858
2025,04,65,7046
2025,04,70,7942
2025,04,75,8168
2025,04,80,6878
2025,04,85,4996
2025,04,90,2619
2025,04,95,841
2025,04,100,133
2025,05,1,18
2025,05,5,33
2025,05,10,34
2025,05,15,57
2025,05,20,72
2025,05,25,99
2025,05,30,193
2025,05,35,340
2025,05,40,642
2025,05,45,1005
2025,05,50,1709
2025,05,55,2889
2025,05,60,5037
2025,05,65,7084
2025,05,70,8052
2025,05,75,8293
2025,05,80,7107
2025,05,85,5087
2025,05,90,2833
2025,05,95,938
2025,05,100,110
2025,06,1,19
2025,06,5,22
2025,06,10,29
2025,06,15,49
2025,06,20,59
2025,06,25,110
2025,06,30,197
2025,06,35,388
2025,06,40,583
2025,06,45,1029
2025,06,50,1704
2025,06,55,2760
2025,06,60,4954
2025,06,65,6905
2025,06,70,7849
2025,06,75,8233
2025,06,80,6887
2025,06,85,4963
2025,06,90,2736
2025,06,95,901
2025,06,100,115
2025,07,1,18
2025,07,5,41
2025,07,10,42
2025,07,15,61
2025,07,20,67
2025,07,25,107
2025,07,30,208
2025,07,35,359
2025,07,40,633
2025,07,45,981
2025,07,50,1602
2025,07,55,2867
2025,07,60,5071
2025,07,65,7172
2025,07,70,8097
2025,07,75,8641
2025,07,80,7191
2025,07,85,5024
2025,07,90,2770
2025,07,95,928
2025,07,100,144
2025,08,1,20
2025,08,5,33
2025,08,10,39
2025,08,15,53
2025,08,20,54
2025,08,25,92
2025,08,30,187
2025,08,35,384
2025,08,40,593
2025,08,45,993
2025,08,50,1662
2025,08,55,2847
2025,08,60,5097
2025,08,65,7197
2025,08,70,8124
2025,08,75,8742
2025,08,80,7242
2025,08,85,5132
2025,08,90,2789
2025,08,95,896
2025,08,100,144
2025,09,1,17
2025,09,5,25
2025,09,10,43
2025,09,15,46
2025,09,20,62
2025,09,25,108
2025,09,30,177
2025,09,35,358
2025,09,40,547
2025,09,45,918
2025,09,50,1592
2025,09,55,2756
2025,09,60,4947
2025,09,65,6907
2025,09,70,7866
2025,09,75,8270
2025,09,80,7168
2025,09,85,5066
2025,09,90,2780
2025,09,95,902
2025,09,100,156
2025,10,1,24
2025,10,5,29
2025,10,10,32
2025,10,15,67
2025,10,20,62
2025,10,25,104
2025,10,30,194
2025,10,35,359
2025,10,40,618
2025,10,45,967
2025,10,50,1663
2025,10,55,2876
2025,10,60,5208
2025,10,65,7221
2025,10,70,8324
2025,10,75,8648
2025,10,80,7386
2025,10,85,5313
2025,10,90,2839
2025,10,95,945
2025,10,100,152
2025,11,1,15
2025,11,5,41
2025,11,10,38
2025,11,15,58
2025,11,20,71
2025,11,25,96
2025,11,30,177
2025,11,35,347
2025,11,40,640
2025,11,45,1018
2025,11,50,1643
2025,11,55,2742
2025,11,60,4989
2025,11,65,6989
2025,11,70,8180
2025,11,75,8551
2025,11,80,7225
2025,11,85,5190
2025,11,90,2706
2025,11,95,875
2025,11,100,152
2025,12,1,22
2025,12,5,28
2025,12,10,32
2025,12,15,57
2025,12,20,79
2025,12,25,111
2025,12,30,172
2025,12,35,356
2025,12,40,632
2025,12,45,984
2025,12,50,1577
2025,12,55,2803
2025,12,60,4994
2025,12,65,7464
2025,12,70,8496
2025,12,75,8920
2025,12,80,7521
2025,12,85,5457
2025,12,90,2928
2025,12,95,967
2025,12,100,132
2026,01,1,17
2026,01,5,43
2026,01,10,36
2026,01,15,49
2026,01,20,57
2026,01,25,99
2026,01,30,176
2026,01,35,345
2026,01,40,613
2026,01,45,992
2026,01,50,1699
2026,01,55,2988
2026,01,60,5150
2026,01,65,7460
2026,01,70,8423
2026,01,75,9080
2026,01,80,7572
2026,01,85,5395
2026,01,90,2996
2026,01,95,993
2026,01,100,154
2026,02,1,17
2026,02,5,31
2026,02,10,26
2026,02,15,49
2026,02,20,62
2026,02,25,96
2026,02,30,177
2026,02,35,339
2026,02,40,567
2026,02,45,919
2026,02,50,1521
2026,02,55,2624
2026,02,60,4601
2026,02,65,6712
2026,02,70,7603
2026,02,75,8180
2026,02,80,6747
2026,02,85,4823
2026,02,90,2606
2026,02,95,879
2026,02,100,123
2026,03,1,21
2026,03,5,36
2026,03,10,36
2026,03,15,48
2026,03,20,54
2026,03,25,94
2026,03,30,211
2026,03,35,364
2026,03,40,655
2026,03,45,1037
2026,03,50,1646
2026,03,55,2786
2026,03,60,4955
2026,03,65,7107
2026,03,70,8353
2026,03,75,8897
2026,03,80,7365
2026,03,85,5315
2026,03,90,2853
2026,03,95,935
2026,03,100,139
2026,04,1,22
2026,04,5,30
2026,04,10,49
2026,04,15,54
2026,04,20,55
2026,04,25,98
2026,04,30,173
2026,04,35,341
2026,04,40,599
2026,04,45,957
2026,04,50,1561
2026,04,55,2705
2026,04,60,4701
2026,04,65,7013
2026,04,70,7963
2026,04,75,8616
2026,04,80,7010
2026,04,85,5205
2026,04,90,2690
2026,04,95,880
2026,04,100,142
2026,05,1,22
2026,05,5,33
2026,05,10,29
2026,05,15,42
2026,05,20,65
2026,05,25,115
2026,05,30,175
2026,05,35,323
2026,05,40,597
2026,05,45,959
2026,05,50,1577
2026,05,55,2748
2026,05,60,4970
2026,05,65,7164
2026,05,70,8277
2026,05,75,8854
2026,05,80,7346
2026,05,85,5354
2026,05,90,2840
2026,05,95,945
2026,05,100,156
2026,06,1,15
2026,06,5,25
2026,06,10,36
2026,06,15,42
2026,06,20,66
2026,06,25,95
2026,06,30,182
2026,06,35,336
2026,06,40,556
2026,06,45,955
2026,06,50,1605
2026,06,55,2756
2026,06,60,4710
2026,06,65,6745
2026,06,70,8098
2026,06,75,8455
2026,06,80,7047
2026,06,85,5133
2026,06,90,2647
2026,06,95,860
2026,06,100,140
2026,07,1,16
2026,07,5,29
2026,07,10,31
2026,07,15,45
2026,07,20,47
2026,07,25,69
2026,07,30,155
2026,07,35,356
2026,07,40,595
2026,07,45,989
2026,07,50,1623
2026,07,55,2836
2026,07,60,4705
2026,07,65,6988
2026,07,70,8092
2026,07,75,8585
2026,07,80,7347
2026,07,85,5334
2026,07,90,2868
2026,07,95,884
2026,07,100,128
2026,08,1,15
2026,08,5,20
2026,08,10,18
2026,08,15,15
2026,08,20,22
2026,08,25,56
2026,08,30,96
2026,08,35,169
2026,08,40,336
2026,08,45,586
2026,08,50,835
2026,08,55,1547
2026,08,60,2879
2026,08,65,4103
2026,08,70,4821
2026,08,75,5400
2026,08,80,4499
2026,08,85,3342
2026,08,90,1790
2026,08,95,551
2026,08,100,77
